,,,,,,,,,,,,
,,,,,,,,,,,,
Assigned,BRANCH ,Customer,Account Status,Collection Status,PHASE,COMMUNICATION SCHEDULE,Note/Contact Date,Collections Team - Notes,Action Item / Follow-up Items,Local Management Note date,Local Management Notes,Days since contact
Sylvia,Visalia / Fresno / Bakersfield,LEO TIDWELL EXCAVATING ((SVA)),Active,Contacted,COLLECTION TEAM,WEEKLY,5/12/2026,"Alyssa asking for invoices, done",,,,8
Yareli,Fresno ,HP Communication SVA (At&t),Active,Uncollectable,COLLECTION TEAM,WEEKLY,4/1/2026,victoria is working on it,,2/18/25,Hammer- All invoices been approved and submitted to sage waitng for payment. Hp team following behind. Have a lunch meeting this friday.,49
Sylvia,Modesto,SEFNCO COMMUNICATIONS ATT MO,Active,Contacted,COLLECTION TEAM,PORTAL,1/8/2026,Called left phone message to call me back ,,,,132
Victoria,not on tcr TCS!!!!,MONARCH PIPELINE & HYDROVAC (CASH),ON HOLD,Roadblock,VP/HIGH LEVEL,BRANCH MANAGER!!!,4/1/2026,victoria is working on it ,,,,49
Lui,Fresno / Visalia ,BROWNING CONSTRUCTION,Active,Contacted,COLLECTION TEAM,WEEKLY,4/7/2026,sent open balance report. waiting for reply,,,,43
Sylvia,Fresno,DON PICKETT & ASSOCIATES,Active,Contacted,COLLECTION TEAM,WEEKLY,5/13/2026,"$28,946.00, payment/Check should arrive at our bank on the 19th, account paying in full, per Victoria, (fresno account)",,,,7
Victoria,Fresno / Visalia / Bakersfield  ,A-C ELECTRIC,Active,Contacted,COLLECTION TEAM,PAID WHEN PAID ,5/6/2026,Hammer asked for status emailed for TCS and INC ,,06/27/2025,***per hammer they will be paying evey old invoice in tcs next week*** ,14
Sylvia,Fresno,KLASSEN CORPORATION,Active,Contacted,COLLECTION TEAM,WEEKLY,5/1/2026,following up again by the email thread regarding payment status on those past due invocies. (fresno account),,,,19
Ashley,OC ,VCI CONSTRUCTION LLC,Active,Roadblock,VP/HIGH LEVEL,BRANCH MANAGER!!!,4/1/2026,called requested payment.  kelly asked for a statement. system down. will work on it asap,do not call per jordan ,6/19/25,***ashley sent open bal to customer*** 12-4-24 some invoices need to be voided by victora.,49
Sylvia,Fresno,"WESTEC SYSTEMS, INC.",Active,Contacted,COLLECTION TEAM,WEEKLY,4/13/2026,Marinatte replied said payment of $395.00 Ck-63552 out last week on 4-6-26.,,,,37
Sylvia,Fresno,B&B CONSTRUCTION SERVICES,Active,Contacted,COLLECTION TEAM,WEEKLY,5/15/2026,following up with Lorena regarding payment on those March and April invoices. (fresno account),,3/18/25,,5
Josie,Visalia / Bakersfield ,FARWEST CORROSION CONTROL COMPANY,Active,Contacted,COLLECTION TEAM,WEEKLY,5/19/2026,Emailed Maria status report for both accounts waiting on response ,,,,1
Sylvia,Fresno,TODD COMPANIES,Active,Contacted,BRANCH MANAGER,WEEKLY,4/23/2026,"left message for Melissa, she was out for Lunch, sending her an email again following up on payment on the Feb-7 invoice for $13,790.00 (fresno account)",,,,27
Sylvia,Fresno,LEGACY,Active,Promise to Pay,BRANCH MANAGER,WEEKLY,4/9/2026,"( Branch Manager working on this Account ) -following up on payment on those February invoices with Accounting, waiting on a response.",,,,41
Sylvia,Fresno,HBC ENTERPRISES,Active,Contacted,COLLECTION TEAM,WEEKLY,5/1/2026,left message see if the April invoices was received. (fresno account),,,,19
Sylvia,Modesto,SEFNCO COMMUNICATIONS COMCAST (MODESTO),Active,Contacted,COLLECTION TEAM,WEEKLY,10/21/2025,they had issues with pictures & daily. all fixed and will receive payment in 10 days,,7/25/24,By @Abraham Vasquez...they make partial payments and will pay soon. 10-2-24 abraham got with matt he will be getting with there ap for update,211
Yareli,Fresno ,HP COMMUNICATION,Active,Uncollectable,VP/HIGH LEVEL,write off,4/1/2026,victoria is working on it,,,,49
Lui,Fresno,MASTEC (FRESNO),Active,Not Contacted,DO NOT CONTACT!,PORTAL,4/20/2026,made a payment,,,,30
Josie,Bakersfield ,MAC GENERAL ENGINEERING,Active,Contacted,COLLECTION TEAM,WEEKLY,5/18/2026,emailed asking for payment on invoice 00105547  waiting on response,,,,2
Lui,Fresno / Modesto,"JERRY'S TRENCHING SERVICE, INC.",Active,Roadblock,COLLECTION TEAM,WEEKLY,3/19/2026,requested update on payment. ,,,,62
Josie,O.C,"WAVEDIVISION HOLDINGS, LLC.",Active,Uncollectable,MOTION TO WRITE OFF,write off,4/16/2026,"Alli enail, requesting Benefits statement, Union Leters, Ayson working on it.",per seth need to clear get with accounting ,,,34
Sylvia,Fresno,TRI COUNTY EXCAVATION INC,Active,Contacted,COLLECTION TEAM,WEEKLY,3/18/2026,"$1,540.00  Ck-12153 payment for those February invoices, per Mariana",,,,63
Sylvia,Fresno,"KATCH ENVIRONMENTAL, INC.",Active,Promise to Pay,COLLECTION TEAM,WEEKLY,5/1/2026,calling Briana in A/P to make sure the April invoices were received. ,,,,19
Sylvia,Fresno,ASPHALT TECHNOLOGY INC,Active,Paid,COLLECTION TEAM,WEEKLY,5/15/2026,"Account paid in full, #00104736 for $6,840.00 is a VOIDED invoice, Victoria will clear",,,,5
Josie,,CALTRANS WH,Active,Uncollectable,MOTION TO WRITE OFF,write off,2/2/2026,Reached out to Christine regarding writing off the balance it was a estimate  waiting for reply ,westren h to help ,,,107
Sylvia,Fresno,"FANCHER CREEK TOWN CENTER, LLC",Active,Contacted,COLLECTION TEAM,WEEKLY,5/1/2026,"following up on the emil thread regarding payment with Adan, see if payment todya or next week as promise.",,,,19
Josie,Modesto ,ERNIE LANCASTER CONSTRUCTION,Active,Contacted,,WEEKLY,5/20/2026,Emailed Ernie open invoice waiting on response ,,,,0
Josie,Fresno ,SEFNCO COMMUNICATIONS ATT,Active,Uncollectable,VP/HIGH LEVEL,PORTAL,2/2/2026,Said she entered everything in the portal nothing so far ,,,,107
Lui,Fresno / OC / Bakesfield,Frontline Traffic Control,Active,Uncollectable,VP/HIGH LEVEL,write off,3/19/2026,requested update on payment. ,,07/02/2025,"07.02.2025- Left a message for Carlos, waiting for a call back.                                                                                                                                                                                                                                                                                                   06.13.2025- Carlos called and made a payment in the amount of $10,000. Stated they will try and make another payment next week.",62
Sylvia,Fresno,"JUAREZ BROTHERS GENERAL ENGINEERING, INC.",Active,Contacted,COLLECTION TEAM,WEEKLY,5/1/2026,"following up by email thread with Nancy, see if payment information on those March invoices. (fresno account)",,,,19
Sylvia,Fresno,CVIN LLC,Active,Contacted,COLLECTION TEAM,WEEKLY,4/23/2026,emailed balance report to Accounting regarding those March invoices (fresno account),,,,27
Sylvia,,COOPER CHASE CONSTRUCTION INC,Active,Contacted,COLLECTION TEAM,WEEKLY,3/13/2026,"$1,634.80 with Credit Card today for all invoices, per Veronica (fresno account)",,,,68
Sylvia,Fresno,"MP NEXLEVEL OF CALIFORNIA,INC",Active,Under Review,COLLECTION TEAM,WEEKLY,4/17/2026,"asking Accounting Vic/Logna to clear invoice #00104753 $831.60  void invoice on TCR,",,,,33
Sylvia,Fresno,SEFNCO COMMUNICATIONS COMCAST ((FRESNO)),Active,Uncollectable,MOTION TO WRITE OFF,WEEKLY,10/21/2025,will receive payment in 10 days,,8/28/24,Met with Matt GM In Fresno Office 8-28-24 went over the past due invoices  some invoices got debriefed payment should come in 45days. there was some duplicated invoices that we resolved.,211
Josie,Fresno ,"GEOMETRIC CONSTRUCTION, INC.",Active,Paid,COLLECTION TEAM,WEEKLY,5/19/2026,"Paid 5/18/26  $3,969.16 Check # 2105",,,,1
Lui,Fresno / Visalia / Modesto / Bakersfield ,"SIERRA CONSTRUCTION & EXCAVATION, INC.",Active,Contacted,COLLECTION TEAM,MONTHLY,3/11/2026,sent open balance. kelly is working on payment,,,,70
Lui,Fresno / Sacramento,ONSITE COMMERCIAL SERVICES INC.,Active,Uncollectable,VP/HIGH LEVEL,write off,12/8/2025,"per customer ""You guys are paid in full. We received a credit from you guys for the $300, and the $3184 invoice was rejected due to no back up documentation that is required for payment, and the customer has since closed this project out.""",no com from branch!!!! abrahem to reach out. (customer aproved 3 of 4 invoices should see payment next frioday still working on one),,Talked to Samantha Operations Coordinator she said her billing team is behind on processing some of the invoices recieved but tomorrow she will get with her team and get back to me. ,163
Sylvia,Modesto,"SLE CONSTRUCTION, INC.",Active,Paid,COLLECTION TEAM,WEEKLY,4/22/2026,"$790.00 with Credti Card today per Loyd, account paid in full (modesto account)",,,,28
Sylvia,Modesto,"RIVERBANK 108, LLC",Active,Contacted,COLLECTION TEAM,WEEKLY,4/22/2026,"$18,175.00 Ck-10456 payment out on Monday per Sanna, account paid in full. (Modesto Account)",,,,28
Lui,Visalia / Modesto / Bakesfield / Fresno,"RUBEN'S PIPELINE, INC.",Active,Contacted,COLLECTION TEAM,WEEKLY,4/7/2026,sent open balance report. waiting for reply,,,,43
Lui,Modesto,WIRING CONNECTIONS INC. (MODESTO),Active,Contacted,COLLECTION TEAM,WEEKLY,4/13/2026,"made a payment monday (18,655.00) & (2,250.20)",,2/11/25,(DH) WC's is being reached out to by accounting dept to see which invoices they would like to apply $6000 credit to,37
Sylvia,Fresno,TITAN UTILITIES INC,Active,Contacted,COLLECTION TEAM,WEEKLY,2/19/2026,"email Jessica/Luz offer a 3% discount if balance is paid in full ASAP.  -talk to Jessica, making sure invoices received, Januray-31 and February-7 invoices, (asking for approval to offer a discount for early payment)",,,,90
Josie,Fresno ,"UNWIRED BROADBAND, LLC",Active,Contacted,COLLECTION TEAM,BI-WEEKLY,5/19/2026,Jen responded to yesterdays email Said when they have a check ready and she wil call me to pick up ,,,,1
Bryce,O .C.,HP COMMUNICATION (SOUTHERN CALIFORNIA),Active,Contacted,COLLECTION TEAM,WEEKLY,4/1/2026,victoria is working on it,,1/15/2025,"There are invoices in here that are not OC, there is one for fresno and 1 for AG .(Seth) The OC invoice, we are actively working with Gretchen to get the payment made for $1,169.52. Hope to have resolved asap. (Ashley)- Gretchen stated that this should be paid out on 03.10.2025 (Ashley)",49
Sylvia,Fresno,MOMENTUM SERVICES CORPORATION DBA S2M,Active,Promise to Pay,COLLECTION TEAM,WEEKLY,4/24/2026,"$790.00 Ck-44832 payment out last week, per Cindy, account paid in full (fresno account)",,,,26
Sylvia,Fresno,Crawford Construction,Active,Contacted,COLLECTION TEAM,WEEKLY,5/19/2026,emailed update balance report to Nathaniel after payment last week.,,,,1
Sylvia,Fresno,BMY,Active,Pending CPR,COLLECTION TEAM,WEEKLY,5/19/2026,"Ali responded to email, Conditional in Progress Release needs to be signed and returned, done by Victoria.  (fresno account)",,,,1
Sylvia,Fresno,EFRAIN YANEZ CONSTRUCTION INC,Active,Contacted,COLLECTION TEAM,WEEKLY,5/18/2026,"emailed balance report to Pricilla, also asking for payment on those April invoices (fresno account)",,,,2
Sylvia,Visalia / Modesto,"AFFILIATED TECHNOLOGY, LLC",Active,Contacted,COLLECTION TEAM,WEEKLY,5/15/2026,following up with Mike/Lain by email regarding payment information on the April-11 invoice,,,,5
Sylvia,Fresno / Visalia,WIRING CONNECTIONS INC.(Visalia/Fresno),Active,Contacted,COLLECTION TEAM,WEEKLY,4/17/2026,0 bal,,,,33
Sylvia,,T&T PAVEMENT MARKING,Active,Contacted,COLLECTION TEAM,WEEKLY,3/13/2026,"left message for Jessica with Anan, see if invoices received N (Fresno)",,,,68
Sylvia,Fresno,ASPHALT DESIGN,Active,Contacted,COLLECTION TEAM,WEEKLY,1/30/2026,"email Jessica, asking if that Jan invoice was recevied and approved, waiting for response",,,,110
Sylvia,fresno,BOOT,Active,Contacted,COLLECTION TEAM,WEEKLY,5/15/2026,following up with Heather regarding payment on the March invoice. (fresno account), ,,,5
Josie,Modesto ,APEX SITE SOLUTIONS,Active,Paid,COLLECTION TEAM,WEEKLY,5/19/2026,Debbie emailed back said she has the two invoices entered asked if those were the ones i was asking about Emailed Debbie asking if she had recevied yesterday's email ,,,,1
Josie,Bakersfield ,TURNER TRANS LIFT INC.,Active,Uncollectable,DO NOT CONTACT!,DO NOT CALL!,10/3/2025,Do not call we owe them ,,,,229
Josie,Fresno ,"TESORO CONTRACTORS, INC.",Active,Contacted,COLLECTION TEAM,WEEKLY,5/19/2026,Spoke with Luis said that he was not sure if he had the invoice emailed to him said he should be able to pay since he got paid ,,,,1
Sylvia,Fresno ,MEDINA CONSTRUCTION ENGINEERING,Active,Uncollectable,MOTION TO WRITE OFF,write off,2/2/2026,"trying calling customer Ramiro again see if someone available but no answer ""write off $1,757.20 for September of 2024 invoices""",,12-04-24,hammer-not able to get a hold of Ramiro or Laura (4/7/25 lui) called not getting a response. hammer is getting nothing and the bussiness is a home. recoment to go see in person or send to collections,107
Lui,Bakersfield / Fresno ,W. M. LYLES CO.,Active,Union Letter,VP/HIGH LEVEL,WEEKLY,3/5/2026,requested update on payment,,1/7/25,Called and left Karen a vm regarding open invoices. Also sent her an email requesting an update on payment status. Per weekly conversations with her they are waiting on info from our certified payroll dept before they can release payment. (Not Visalia's),76
Sylvia,Fresno,QUIRING GENERAL LLC,Active,Promise to Pay,COLLECTION TEAM,WEEKLY,4/13/2026,"$3,375.00 or $8,000 check ready for pick up per Robin, Fresno to pick up payment",,,,37
Sylvia,Fresno,"ZUMWALT CONSTRUCTION, INC.",Active,Contacted,COLLECTION TEAM,WEEKLY,,,,,,DATE NEEDED
Sylvia,Fresno,ROY ALLAN SLURRY SEAL INC,Active,Contacted,COLLECTION TEAM,WEEKLY,4/24/2026,"Minni asking for ACH information, payment next week for the March-17 invoice for $1,100.00",,,,26
Sylvia,Fresno,CITY OF FRESNO WASTEWATER,Active,Contacted,COLLECTION TEAM,WEEKLY,5/20/2026,"Mairen responded to email, said payment in another 2-weeks for the remaining of March invoices ( fresno account)",,,,0
Sylvia,Modesto,"ROSS F. CARROLL, INC.",Active,Contacted,COLLECTION TEAM,WEEKLY,4/17/2026,"$5,895.48 Ck-14580 out last week, forgot to registered here, Account current now. we should recieved check any time soon.",,1/14/25,(DH) Reached out to Mike and Anna.  Haven't received a response.,33
Sylvia,fresno,WILLBANKS ENVIRONMENTAL,Active,Contacted,COLLECTION TEAM,WEEKLY,5/1/2026,left Linda a message see if payment for that invoices next week.,,,,19
Sylvia,Fresno,COMMERCIAL CONTRACTING,Active,Contacted,COLLECTION TEAM,WEEKLY,5/20/2026,"left message for Kimberly, see if payment out this week like promise. waiting on a response. (fresno account)",,,,0
Josie,Modesto,TEN WEST INC.,Active,Contacted,COLLECTION TEAM,WEEKLY,5/19/2026,Called Sara  left message regarding payment ,,,,1
Bryce,Modesto / Visalia / AG / OC / Bakersfield ,TURN AROUND COMMUNICATIONS,Active,Contacted,COLLECTION TEAM,WEEKLY,4/20/2026,sent open balace report,,,,30
Josie,A.G.,RAILWORKS TRACK SYSTEMS LLC,Active,Contacted,COLLECTION TEAM,WEEKLY,5/19/2026,Payment will go out end of month ,,,,1
Sylvia,Visalia,PACIFIC UTILITY PIPELINE INC,Active,Contacted,COLLECTION TEAM,WEEKLY,4/22/2026,"$216.72 with check last week. per Denise, another payment on April-27",,,,28
Sylvia,Fresno,CHRISTENSEN CONSTRUCTION INC,Active,Contacted,COLLECTION TEAM,WEEKLY,5/18/2026,following up with Jordan regarding payent on the April-11 invoice.,,,,2
Sylvia,,"HDR ENGINEERING, INC",Active,Contacted,COLLECTION TEAM,WEEKLY,10/14/2025,"Jessica email asking if there will be more invoices comming up related to project- KHA Sonoma Airport Blvd, asking Hammer for help, I dont know who the manager is for the Project, it doe not said on our TCR system. ",,,,218
Sylvia,Fresno,LASAR CONSTRUCTION,Active,Contacted,COLLECTION TEAM,MONTHLY,4/27/2026,"Kirstin replied said all invoices received, This is a Monthly Account............follow up next month for Payment.",,,,23
Sylvia,Fresno,INDUSTRIAL ELECTRIC COMPANY,Active,Uncollectable,MOTION TO WRITE OFF,write off,2/2/2026,"another attempt to call Berry-owner but nothing no communication; ""write off $1,051.82 for May of 2024 invoice""",,,,107
Sylvia,Fresno ,"NORTH SKY COMMUNICATIONS, LLC",Active,Contacted,COLLECTION TEAM,WEEKLY,5/1/2026,following up by phone to see if all invoices received.,,,,19
Sylvia,Fresno,VULCAN MATERIALS - AUSTIN QUARRY,Active,Contacted,COLLECTION TEAM,WEEKLY,3/5/2026,"$3,230.00 with ACH Yesterday 3-4-26 for 2 January invoices, account current now, another payment hope by March-20th (fresno account)",,5/7/26,Reached out to Cisco.  Hoping to receive a response asap,76
Sylvia,Fresno,"UNDERGROUND BORING SYSTEMS, INC.",Active,Contacted,COLLECTION TEAM,WEEKLY,2/19/2026,"Accounting email asking for Releses for jobs on Herdon/Fowler Ave and Willo Ave, forward email to Victoria.",,,,90
Sylvia,Fresno,"CENCAL DEMOLITION, INC",Active,Promise to Pay,COLLECTION TEAM,WEEKLY,5/18/2026,"$1,800.00 Ck-18483, payment out last week for those April invoices per Shannon. (fresno account)",,,,2
Josie,Bakersfield ,BAKERSFIELD HOUSE ACCOUNT,Active,Uncollectable,COLLECTION TEAM,WEEKLY,3/18/2026,Asling for update on the invoices that are open and not paid waiting on response ,,,,63
Josie,Bakersfield ,UNITED RENTALS TRENCH SAFETY,Active,Contacted,COLLECTION TEAM,WEEKLY,5/20/2026,Spoke with Victoria said the remainder is to be written off ,,,,0
Josie,Bakersfield ,STAGE FRIGHT CLOTHING LLC.,Active,Uncollectable,MOTION TO WRITE OFF,write off,2/5/2026,Called Salvador never answer or replies when he did he said he does not owe,,,,104
Sylvia,Fresno,MATTOS UNDERGROUND,Active,Contacted,COLLECTION TEAM,WEEKLY,4/20/2026,"Kelly replied back, Check $6,552.80 on the mail last Friday, check should be here soon,",,,,30
Lui,Sacramento / Modesto ,MASTEC SACRAMENTO ATT.,Active,Contacted,DO NOT CONTACT!,PORTAL,4/1/2026,jordan working on it ,,,,49
Sylvia,Fresno,ALMA'S BUY & SELL,Active,Contacted,COLLECTION TEAM,WEEKLY,4/30/2026,"left message for Trois, see if April invoices were received. (visalia job)",,,,20
Josie,Bakersfield,S AND S CONTRACTING,Active,Uncollectable,MOTION TO WRITE OFF,write off,2/5/2026,The notes stay that Erika does not owe called no answer ,,06-30-25,***par nick they will pay all open invoices*** ,104
Sylvia,Fresno,"1 OAK CONSTRUCTION, LLC",Active,Contacted,COLLECTION TEAM,WEEKLY,5/15/2026,"emailed balance report to Stephanie, asking for payment information on the Marh-28th invoice (fresno account)",,,,5
Sylvia,Fresno,BRASWELL,Active,Contacted,COLLECTION TEAM,WEEKLY,5/15/2026,"calling Emily for payment on this account, (fresno account)",,,,5
Sylvia,Visalia,"TRAVIOLI CONSTRUCTION, INC.",Active,Contacted,COLLECTION TEAM,WEEKLY,4/23/2026,"calle d customer left message see if April invoices received, (Visalia account)",,,,27
Sylvia,Fresno,"QUALITY TELECOM CONSULTANTS, INC.",Active,Contacted,COLLECTION TEAM,WEEKLY,4/23/2026,email balance report to Accounting see if April invoices recived. (fresno account),,,,27
Sylvia,Bakersfield,WATTENBARGER,Active,Contacted,COLLECTION TEAM,WEEKLY,4/24/2026,"following up by email thread with Manny again, also left a message regarding the Feb-14 invoice for $395.00 (bakersfield account)",,,,26
Sylvia,,"DULEY'S LANDSCAPING, INC.",Active,Contacted,COLLECTION TEAM,WEEKLY,,,,,,DATE NEEDED
Sylvia,Fresno,CM CORP.,Active,Promise to Pay,COLLECTION TEAM,WEEKLY,5/12/2026,"melissa email, payment last week for those 2 invoices.",,,,8
Lui,Bakersfield / OC / ,GRIFFITH COMPANY,Active,Contacted,COLLECTION TEAM,WEEKLY,4/13/2026,ashley responded with update. trying to get joint checks.,,,,37
Josie,Bakersfield ,Baize Electric,Active,Uncollectable,MOTION TO WRITE OFF,write off,2/3/2026,This customer never answers at one time it was mention that was going to be written off  called one last time no answer ,,,,106
Sylvia,,Joseph Crown Construction and Development,Active,Contacted,COLLECTION TEAM,WEEKLY,12/22/2025,"$504.00 payment today w/credit card, per Monica",,,,149
Sylvia,Fresno,CITY OF CLOVIS,Active,Contacted,COLLECTION TEAM,WEEKLY,5/19/2026,Hector will void invoice #00104853 account cleared (fresno ccount),,,,1
Sylvia,Fresno ,MEDINA CONSTRUTION ENGINEERING,Active,Uncollectable,MOTION TO WRITE OFF,write off,2/2/2026,"trying calling customer Ramiro again see if someone available no answer ""write off $244.86 for August of 2024 invoice""",,,,107
Sylvia,Fresno,DAWSON-MAULDIN CONSTRUCTION,Active,Uncollectable,MOTION TO WRITE OFF,write off,2/3/2026,"calling customer again Christine no answer ""write off $168.00 for October of 2024 invoices""",,,,106
Sylvia,,STOCKBRIDGE GENERAL CONTRACTING,Active,Uncollectable,BRANCH MANAGER,write off,1/28/2026,"emailed Jennifer Balance Report, asking for payment information on the April-12 invoice, waiting for a response",,,,112
Josie,Bakersfield,"GILLIAM & SONS, INC.",Active,Uncollectable,MOTION TO WRITE OFF,write off,7/24/2025,(lui) customer not paying. sending to collections.,,,,300
Sylvia,Modesto / Fresno,"INNERLINE ENGINEERING, INC.",Active,Contacted,COLLECTION TEAM,WEEKLY,4/13/2026,"Taylor replied, said working on payment for this week, she will let me know ones those invoices get processed.",,,,37
Sylvia,Bakersfield,USA DIRECTIONAL BORE,Active,Contacted,COLLECTION TEAM,WEEKLY,5/1/2026,Ofelia seid invoices will be approve by next week.,,,,19
Lui,Bakersfield,COUNTY OF KERN- ROADS DEPARTMENT,Active,Uncollectable,VP/HIGH LEVEL,write off,12/4/2025,requested update on the invoice that the customer is saying they dont owe,,,,167
Sylvia,Fresno,FRESNO HOUSE ACCOUNT,Active,Contacted,COLLECTION TEAM,WEEKLY,3/25/2025,"after talking with Hector/Hammer/Yareli, said customer paid w/credit card on 3-25-25, got with Victoira she fould payment under expenses, Done Invoice clear PAID",,,,421
Lui,Modesto / Fresno / Visalia,"GOLDEN VALLEY PIPELINE, INC.",Active,Uncollectable,VP/HIGH LEVEL,write off,11/17/2025,sent open balance report ,,,,184
Josie,Bakersfield,FARIAS REMODELING & CONCRETE,Active,Uncollectable,COLLECTION TEAM,write off,2/5/2026,NO contact wilth Salvodr ,,,,104
Sylvia,,STEVEN E. DOVALI CONSTRUCTION,Active,Uncollectable,COLLECTION TEAM,write off,7/24/2025,(lui) need to write-off not worth sending to collection agency. received email with new email darrel@dovaliconstruction.com,,,,300
Josie,Fresno ,"SOILS ENGINEERING, INC",Active,Contacted,COLLECTION TEAM,WEEKLY,5/19/2026,Beatriz is on vacation will not have a payment for the weekending May 23rd,,,,1
Josie,,"ROCK CANYON BUILDERS, INC.",Active,Contacted,COLLECTION TEAM,WEEKLY,8/13/2025,Called no answer could not leave message sent him email waiting on responce Gary emailed and said that Raj droped off check at office  ,,,,280
Josie,Bakersfield ,AT&T CABLE MAINTENANCE (BAKERSFIELD),Active,Contacted,COLLECTION TEAM,WEEKLY,6/6/2025,"There is an open invoice for $1,392.80 for May 17 th emailed to customer",,,,348
Sylvia,,COX GENERAL ENGINEERING LLC,Active,Contacted,COLLECTION TEAM,WEEKLY,6/11/2025,"(sylvia 6-11-25) left another message to Chris requesting a call back, getting with Hector on this Account. march-29 invoice  ----Another called and email to Chris requesting payment ASP (sylvia 6-9-25)",,,,343
Sylvia,,DOUG PARKS AND SON PLUMBING,Active,Contacted,COLLECTION TEAM,WEEKLY,,,,,,DATE NEEDED
Josie,,ENGIENGLESERVICE US,Active,Contacted,COLLECTION TEAM,WEEKLY,7/8/2025,not in tcr,,,,316
Josie,,ENVIRONMENTAL SAFETY SOLUTIONS,Active,Contacted,COLLECTION TEAM,WEEKLY,7/24/2025,Spoke with Victoria N said that they do not owe it was a over payment ,,,,300
Sylvia,Fresno,GRIZZLY CONSTRUCTION,Active,Contacted,COLLECTION TEAM,WEEKLY,1/30/2026,"$4,185.00 Check is ready for pick up.  -another follow up with Daniella reagrding payment as promised, she had mentioned by end of this week (today)",,,,110
Josie,,M G Paving,Active,Contacted,COLLECTION TEAM,WEEKLY,7/8/2025,not in tcr,,,,316
Sylvia,,SMALL CELL SOLUTIONS,Active,Contacted,COLLECTION TEAM,WEEKLY,,,,,,DATE NEEDED
Josie,,"TERRY BEDFORD CONCRETE CONSTRUCTION, INC.",Active,Contacted,COLLECTION TEAM,WEEKLY,10/8/2025, Said we can pick up check put in Slack Responded to email from last week asking about check let her know we still have not recevied it asked if we could pick up  waiting on response ,,,,224
Sylvia,Fresno,DAVID'S PLUMBING LLC,Active,Contacted,COLLECTION TEAM,WEEKLY,3/4/2026,"talk to David, regarding that $20.00 balance due, said that we told him we would discount $20.00 if paying both invoices back on Dec-29, so Victoria will cleared the $20.00 1% discount.",,,,77
Sylvia,Fresno,KRAZAN & ASSOCIATES,Active,Contacted,COLLECTION TEAM,WEEKLY,3/6/2026,"emailed Maritza balance report aksing for payment information on those January invocies, wasiting for a reponse. (fresno account)",,,,75
Sylvia,Fresno ,CENTRAL VALLEY ASPHALT,Active,Contacted,COLLECTION TEAM,WEEKLY,3/4/2026,"email Laura balance report, asking for payment on the Dec-27 and January invoices. waiting on a response. (fresno job)",,,,77
Sylvia,Fresno Job,"BESS TEST LAB, INC.",Active,Promise to Pay,COLLECTION TEAM,WEEKLY,3/27/2026,"payment out last week, she will email check #",,,,54
Sylvia,Visalia,BONADELLE HOMES CORP.,Active,Contacted,COLLECTION TEAM,WEEKLY,6/5/2025,"-emailed Rachel/Lori open balance and May-3 invoice, waiting for reply (sylvia 6-5-25)",,,,349
Josie,Bakersfield/ OC /Fresno ,ARB INC,Active,Contacted,COLLECTION TEAM,WEEKLY,6/16/2025,Carley said that they are in the system but they pay at the 45 day mark,,,,338
Josie,Bakersfield,"KS INDUSTRIES, LP",Active,Contacted,COLLECTION TEAM,WEEKLY,8/7/2025,Said check was mailed to the Fresno office 8/6/25 check # 249884,,,,286
Lui,Modesto / Fresno / Bakesfield / Visalia ,ROAD SAFE TRAFFIC SYSTEMS,Active,Uncollectable,BRANCH MANAGER,WEEKLY,9/8/2025,sent open balace report. waiting on responce,,8-20-24,invoice was send to brittany ,254
Josie,Bakersield ,"BOWMAN ASPHALT, INC.",Active,Contacted,COLLECTION TEAM,WEEKLY,3/20/2026,Emailed asking it there will be a payment this week ,,,,61
Josie,Bakersfield ,MIDSTATE,Active,Contacted,COLLECTION TEAM,WEEKLY,,,,,,DATE NEEDED
Josie,Bakersfield ,SUSTAINABLE INFRASTRUCTURE AND STRUCTURAL,Active,Contacted,COLLECTION TEAM,WEEKLY,7/18/2025,"Sent email with open balance also called and left voice mail 
sent final warning to customer.",,,,306
Josie,Fresno ,TECH CRETE INC,Active,Contacted,COLLECTION TEAM,WEEKLY,1/7/2026,spoke with Angelique said that she nees invoice and she will get them to the other company ,,,,133
Josie,Bakersfield ,California Concrete,Active,Contacted,COLLECTION TEAM,WEEKLY,6/20/2025,No Open Inovice JS not in tcr,,,,334
Josie,Bakersfield ,"DIRT WORX, INC.",Active,Contacted,COLLECTION TEAM,WEEKLY,6/20/2025,Billing Issues  Per Laren Sylvia notfied BKF  on 4-2-25,,,,334
Sylvia,Fresno,"DAVE CHRISTIAN CONSTRUCTION, INC",Active,Contacted,COLLECTION TEAM,WEEKLY,9/11/2025,"$1,340.00 Check ready at 11am today per Sherri.-emailed Sherri asking if check is ready? and possible for us to pick up, waiting for reply",,,,251
Josie,Modesto ,MCMILLEN ENTERPRISES INC DBA UNITED PAVIN,Active,Contacted,COLLECTION TEAM,WEEKLY,4/30/2026,Check 8062 went out on Mopnday,,,,20
Sylvia,Fresno,KB HOME SOUTH BAY,Active,Contacted,COLLECTION TEAM,WEEKLY,10/16/2025,"email Nick, Jessica, Matt, regarding payment information on the January-31 invoice, #00096868 for $630.00",,,,216
Josie,Bakersfield ,GRANITE CONSTRUCTION (BAKERSFIELD),Active,Contacted,COLLECTION TEAM,WEEKLY,1/20/2026,per gary. they will be sending joint checks ,,,,120
Josie,Bakersfield /O.C,"MILLER PACIFIC, INC. (CASH)",Active,Contacted,COLLECTION TEAM,WEEKLY,8/14/2025,Called no answer emailed asking for payment information being it is a cash account ,,,,279
Sylvia,,SEFNCO COMMUNICATIONS COMCAST(SACRAMENTO),Active,Uncollectable,COLLECTION TEAM,WEEKLY,10/21/2025,they had issues with pictures & daily. all fixed and will receive payment in 10 days,,,,211
Sylvia,,R.T. NELSON COMPANY,Active,Contacted,COLLECTION TEAM,WEEKLY,1/22/2026,"emailing Sandy, asking if received January invoices, waiting for response",,12/9/24,received an email from Sandy she advised she will be paying all open invoices on 12/27 (visali),118
Lui,Bakersfield / OC,"HERMAN WEISSKER, INC",Active,Contacted,COLLECTION TEAM,WEEKLY,4/8/2026,requested update on payment,,,,42
Josie,Fresno/ Bakersfield ,CALIFORNIA WATER SERVICE,Active,Contacted,COLLECTION TEAM,WEEKLY,11/10/2025,(JS)KIm said that they changed adress (JS)Kim responded she has requested to update a remittance payment today Responded to an email asking for update once updated as taken place ,,4/30/25,,191
Sylvia,Fresno,CENTURY COMMUNITIES,Active,Contacted,COLLECTION TEAM,WEEKLY,5/18/2026,"left message for Matt, see if all invoices received,",,5/29/2025,customer seup in portal system per abraham requested no more calls ,2
Sylvia,,SEFNCO COMMUNICATIONS ATT FRESNO,Active,Contacted,COLLECTION TEAM,WEEKLY,10/21/2025,will receive payment in 10 days,,,,211
Sylvia,Sacramento / Modesto,CONSOLIDATED COMMUNICATIONS ENTERPRISE,Active,Promise to Pay,COLLECTION TEAM,WEEKLY,4/27/2026,"Alexis replied to email, said all March invoices are approve for payment this week, $9,570.00, also asking for invoice copy of the last 2 invoices. done email those to her. (modestro account)",,,,23
Bryce,L.A. / OC,WIRING CONNECTIONS INC. (LOS ANGELES/OC),Active,Contacted,COLLECTION TEAM,WEEKLY,4/14/2026,0 bal,,,,36
Josie,Fresno / Bakersfield ,RLH FIRE PROTECTION,Active,Contacted,COLLECTION TEAM,WEEKLY,11/3/2025,Emailed Rebbeca status report mention discount waiting for her to respons ,,,,198
Lui,Fresno / Visalia,CABLE COM OF CALIFORNIA INC.,Active,Contacted,COLLECTION TEAM,WEEKLY,4/1/2026,hector is working on it ,,6/11/25,hector trent and abrahem in talks ,49
Josie,Bakersfield ,CITY OF BAKERSFIELD (FINANCE DEPT),Active,Contacted,COLLECTION TEAM,WEEKLY,1/7/2026,said that she spoke with Gary and they are going to credit off the remainder of the invoices let her know to get with Logan ,,,,133
Sylvia,Fresno / Visalia,CEN CAL BUILDERS & DEVELOPERS,Active,Contacted,COLLECTION TEAM,WEEKLY,3/16/2026,"left message for A/P see if March-7 invoice received, also sending an email (fresno account)",,,,65
Sylvia,Fresno,VIDEO INSPECTION SPECIALISTS INC,Active,Contacted,COLLECTION TEAM,WEEKLY,10/1/2025,email Accounting and Rick Balance Report,,,,231
Sylvia,Visalia / Fresno,PICKETT & SONS,Active,Contacted,COLLECTION TEAM,WEEKLY,10/24/2025,left message for Chad see if Oct invoice was received ,,,,208
Josie,Bakersfield Fresno ,CENTRAL VALLEY PIPELINE & EXCAVATION,Active,Contacted,COLLECTION TEAM,WEEKLY,11/24/2025,Called emailed waiting on response ,,,,177
Sylvia,Fresno,"EMMETT VALLEY CONSTRUCTION, INC.",Active,Contacted,COLLECTION TEAM,WEEKLY,12/31/2025,"$8,215.52 Ck-21483 paynent out last week, per Jill, confirm with Logan, payment done",,8/15/24,Reached out to Gre,140
Sylvia,Fresno,"R J BERRY, INC.",Active,Contacted,COLLECTION TEAM,WEEKLY,4/7/2026,"Bod answer the phone but not able to heard me, no emaill on file, so calling again",,,,43
Josie,Fresno ,AJ EXCAVATION,Active,Contacted,COLLECTION TEAM,WEEKLY,10/22/2025,called to make sure they had invoice said yes Invoice is for 10/11/25,,,,210
Josie,Lake Isabella ,UNDERGROUND EXPRESS COMPANY-MATT FARNUM,Active,Contacted,COLLECTION TEAM,WEEKLY,,,,,,DATE NEEDED
Lui,Bakesfield,WIRING CONNECTIONS INC.(BAKERSFIELD),Active,Contacted,COLLECTION TEAM,WEEKLY,4/15/2026,0 bal,,,,35
Josie,Fresno,"MILLIE AND SEVERSON, INCORPORATED",Active,Contacted,COLLECTION TEAM,PAID WHEN PAID ,3/25/2026,2nd request on release forms sent email to bk team Lisa will email another  Victoria helped her,,,,56
Sylvia,Fresno,BALLOU CONSTRUCTION,Active,Contacted,COLLECTION TEAM,WEEKLY,9/10/2025,"$464.30 Ck-1572, payment out Monday, per Alana",,6/11/25,***lui per abraham will send check next week***,252
Josie,Bakersfield/ Fresno ,US FOREST SERVICE,Active,Contacted,COLLECTION TEAM,WEEKLY,8/25/2025,"Brennen said that this invoice was paid customer paid in advance, and they should have funds stilling on thier account. gave to Logan said yes she was working on that  
Logan said she applied the money that was on account to ibnvoice 00100105 said she will get with Victoria on the memo part of the credit",,,,268
Elizabeth,Fresno / Bakesfield / Visalia ,LENNAR HOMES,Active,Contacted,COLLECTION TEAM,PORTAL,3/31/2026,sent payment request update tbd,,2-12-25,"We had a delay in regards of getting MTPA contracts signed. I requested payment of $ 89,836.20 on Thursday process takes up to 30 days to get a conditional signed and once i sign it we receive payment in the next two - three days. - Trent (message from Victoria)",50
Josie,Modesto ,"RACE TELECOMMUNICATIONS, LLC",Active,Contacted,COLLECTION TEAM,WEEKLY,5/7/2026,"made two payments  $1,725.00 invoice 00105190 PMT # 61737   $4,714.000 three invoice 187, 189, 219  pmt 61749",,,,13
Sylvia,Sacramento,2M GENERAL ENGINEERING INC.,Active,Contacted,COLLECTION TEAM,WEEKLY,3/11/2026,called & left a voicemail for the ap department,,,,70
Josie,,316 ENGINEERING,Active,Contacted,COLLECTION TEAM,WEEKLY,4/29/2025,NO  open Invoices  JS,,,,386
Sylvia,,"4C GLOBAL, INC. DBA 4CG CONSTRUCTION",Active,Contacted,COLLECTION TEAM,WEEKLY,,,,,,DATE NEEDED
Josie,,"A.L.E. CONSTRUCTION, INC.",Active,Paid,COLLECTION TEAM,WEEKLY,2/26/2026,"Invoice was paid via credit card $2,160.00",,,,83
Josie,,"A.R. Mays Construction, Inc.",Active,Contacted,COLLECTION TEAM,WEEKLY,6/4/2025,"Spoke with Erin said that their net 30 so both invoices will not be paid till May 2nd and May 21 Js 4/29/2025Payment of $13,550.00 w/check-42467 per Jenny",,,,350
Josie,,ACCURATE TRENCHING INC,Active,Contacted,COLLECTION TEAM,WEEKLY,2/12/2026,Judie on her way to drop off check ,,,,97
Josie,,ACTIVATED EVENTS,Active,Contacted,COLLECTION TEAM,WEEKLY,4/29/2025,No Open invoices as of 4/29/25 JS,,,,386
Josie,,ACTIVE BAKERSFIELD ALLIANCE,Active,Contacted,COLLECTION TEAM,WEEKLY,6/20/2025,No Open invoices as of 4/29/25 JS,,,,334
Josie,,ADVANCED CONCRETE,Active,Contacted,COLLECTION TEAM,WEEKLY,6/4/2025,"NO open balance 4/29/25 JS Advanced (sylvia) Lupe replied to email on 9-23; asking for ""Final Release""  so Victoria working on that",,07/29/24,(jordan) I have spoken with sal from advanced and brian from ptm . Hopeing to get paid on this asap . feels positive,350
Sylvia,Fresno,"AERNER PAINTING, LLC",Active,Contacted,COLLECTION TEAM,WEEKLY,2/12/2026,"$4,122.50 with Credit Card today with a 3% discount  $127.50 to be write off (fresno Acct)",,,,97
Sylvia,,AG INDUSTRIAL ENTERPRISE,Active,Contacted,COLLECTION TEAM,WEEKLY,,,,,,DATE NEEDED
Sylvia,,AGEE CONSTRUCTION,Active,Contacted,COLLECTION TEAM,WEEKLY,,,,,,DATE NEEDED
Josie,,ALL AROUND UNDERGROUND CONTRACTORS INC.,Active,Contacted,COLLECTION TEAM,WEEKLY,11/20/2025,called april and left her a voicemail also sent he an email ,,,,181
Sylvia,,ALL STAR PLUMBING,Active,Contacted,COLLECTION TEAM,WEEKLY,9/18/2025,"left message for Cammie see if Sept-9 invoice was received, said Yes,",,,,244
Josie,,"ALLEN GENERAL ENGINEERING, INC.",Active,Contacted,COLLECTION TEAM,WEEKLY,,,,,,DATE NEEDED
Sylvia,,Allison Sierra Inc.,Active,Contacted,COLLECTION TEAM,WEEKLY,,,,,,DATE NEEDED
Josie,,ALLY ENTERPRISES,Active,Contacted,COLLECTION TEAM,WEEKLY,3/11/2026,Called to speak with Arin but spoke with Jenny let her know that I have emailed her said yes but they aare not intrested in the dixcount ,,,,70
Josie,,"ALPHA CONSTRUCTION ELITE, INC.",Active,Contacted,COLLECTION TEAM,WEEKLY,8/7/2025,Rafael emailed a copy of the check he paid to SFN ,,,,286
Sylvia,,ALVITRE CIVIL CONSTRUCTORS INC,Active,Contacted,COLLECTION TEAM,WEEKLY,,,,1/7/25,July invoices have been paid w/ck#11593. spoke w/Victoria and she is going to apply payment. Oct & Nov invoices are on hold. Justin will not approve until he receives some sort of back up also he was not happy with our guys performance. (visalia),DATE NEEDED
Sylvia,,ALW ENTERPRISES INC (CASH),Active,Contacted,COLLECTION TEAM,WEEKLY,,,,,,DATE NEEDED
Josie,,AMERICAN CONSTRUCTION & EXCAVATION,Active,Contacted,COLLECTION TEAM,WEEKLY,8/21/2025,called no answer ,,,,272
Josie,,AMERICAN ENVIRO SERVICES NC,Active,Contacted,COLLECTION TEAM,WEEKLY,10/31/2025,"Customer paid $1,612",,,,201
Sylvia,,AMERICAN HEART ASSOCIATION,Active,Contacted,COLLECTION TEAM,WEEKLY,1/5/2026,"everything paid in full, talk to Logan to clear $13.73",,,,135
Sylvia,,AMERICAN INCORPORATED,Active,Contacted,COLLECTION TEAM,WEEKLY,,,,,,DATE NEEDED
Sylvia,,AMERICAN PAVEMENT SYSTEMS INC,Active,Contacted,COLLECTION TEAM,WEEKLY,,,,,,DATE NEEDED
Sylvia,Fresno,AMERICAN PAVING,Active,Contacted,COLLECTION TEAM,WEEKLY,4/30/2026,"talk to Ana said to call back, tarah is that one in charge, however she out of office today. (fresno account)",,,,20
Josie,,AMERIVET,Active,Contacted,COLLECTION TEAM,WEEKLY,12/29/2025,Called left voice mail for Christian M regarding two invoices due in Oct 00101260 $757.602 00101425 $2776.80,,,,142
Sylvia,,ANDERSON STRIPPING & CONSTRUCTION INC,Active,Contacted,COLLECTION TEAM,WEEKLY,12/29/2025,receptionist said to call again tomoroow after 8am A.P will be available then,,,,142
Sylvia,,ARGUELLO CONCRETE CONSTRUCTION,Active,Contacted,COLLECTION TEAM,WEEKLY,,,,,,DATE NEEDED
Sylvia,,ARIA COMMUNITY HEALTH CENTER,Active,Contacted,COLLECTION TEAM,WEEKLY,,,,,,DATE NEEDED
Josie,,AT&T (BAKERSFIELD LINE CREW),Active,Contacted,COLLECTION TEAM,WEEKLY,6/4/2025,Emailed three open Invoice Total Due $2318.40 Ronda working on them JS,,,,350
Josie,,AT&T (BAKERSFIELD SPLICING CREW),Active,Contacted,COLLECTION TEAM,WEEKLY,6/4/2025,Called no response Emailed regarding 000001206 invoice I emailed last Emailed two Open invoices Total $3865.20 Ronda Working on them  JS,,,,350
Sylvia,,AT&T AIR PRESSURE,Active,Contacted,COLLECTION TEAM,WEEKLY,9/12/2025,"$5,305.50 with Amex credti card today, per Cynthia for all open invoices,",,,,250
Sylvia,Fresno,AT&T CABLE MAINTENANCE (FRESNO),Active,Contacted,COLLECTION TEAM,WEEKLY,3/16/2026,"talk  to Erika see if the March-7 invoice received,",,,,65
Josie,,AT&T Special Services (Bakersfield),Active,Contacted,COLLECTION TEAM,WEEKLY,4/30/2025,NO open Invoice  JS,,,,385
Sylvia,fresno,"B & L CONTRACTORS, INC.",Active,Promise to Pay,COLLECTION TEAM,WEEKLY,4/16/2026,"$5,619.00 with Credit Card today for the remaining balance. account paid in full. per Alex",,,,34
Sylvia,,B.L. SOLUTIONS LLC,Active,Contacted,COLLECTION TEAM,WEEKLY,,,,,,DATE NEEDED
Josie,,B&C DEMOLITION INC,Active,Contacted,COLLECTION TEAM,WEEKLY,11/17/2025,Said that customer paid said that they are going to close Job ,,,,184
Josie,,B&T SERVICE STATION CONTRACTORS,Active,Contacted,COLLECTION TEAM,WEEKLY,5/27/2025,No open Invoices JS,,,,358
Josie,,BADGER,Active,Contacted,COLLECTION TEAM,,2/2/2026,Paid  5507.84,,,,107
Sylvia,,BADGER DAYLIGHTING CORP,Active,Contacted,COLLECTION TEAM,WEEKLY,6/16/2025,(sylvia 6-16-25) contacting Brandy see if received June invoice,,,,338
Josie,,BAIZE ELECTRIC SOLAR TECH,Active,Contacted,COLLECTION TEAM,WEEKLY,2/5/2026,Paid  on 1/20/26,,,,104
Josie,,BAKERSFIELD BLACK AMERICAN HISTORY PARADE,Active,Contacted,COLLECTION TEAM,WEEKLY,6/2/2025,Called Gloria left message regarding past due balance $380,,,,352
Josie,,BAKERSFIELD COLLEGE.,Active,Contacted,COLLECTION TEAM,WEEKLY,6/18/2025,"Joseph responded to my email stating that payment is in the q to be paid I also asked if we could pick up he said that is out of his control , Victoria put a message that payemnt was mailed",,,,336
Josie,,BAKERSFIELD IRON HOGGZ,Active,Contacted,COLLECTION TEAM,WEEKLY,5/27/2025,No open invoices,,,,358
Josie,,BAKERSFIELD PLUMBING,Active,Contacted,COLLECTION TEAM,WEEKLY,5/15/2025,Jason is working on this account with Steven there were invoices that were voided in TCR not in QB  per Victoria,,,,370
Josie,,BAKERSFIELD WELL AND PUMP CO,Active,Contacted,COLLECTION TEAM,WEEKLY,6/16/2025,Spoke with Christi  said check # 60396 went out in today  6/16/25 for $395.00,,,,338
Josie,,"Baymarr Constructors, Inc.",Active,Contacted,COLLECTION TEAM,WEEKLY,6/16/2025,Invoice 00098313 was paid today for $855.84,,,,338
Josie,,"BEAR ELECTRICAL SOLUTIONS, LLC",Active,Contacted,COLLECTION TEAM,WEEKLY,5/27/2025,no open invoices,,,,358
Sylvia,,"BEN'S ASPHALT, LLC",Active,Contacted,COLLECTION TEAM,WEEKLY,3/16/2026,"talk  to Crystal make sure the March invoice was received, said No to please email that to her. done. ",,,,65
Josie,,Big Ben Engineering,Active,Contacted,COLLECTION TEAM,WEEKLY,5/27/2025,No open Invoices JS,,,,358
Josie,,BIG-D CONSTRUCTION CORP.,Active,Contacted,COLLECTION TEAM,WEEKLY,6/18/2025,Emailed Kim asking if she saw 0001736STB enterd in procore said yes I asked if she had a release date for payment said no,,,,336
Sylvia,,BLACKBURN CONSULTING,Active,Contacted,COLLECTION TEAM,WEEKLY,,,,,,DATE NEEDED
Josie,,BLAND COMPANY,Active,Contacted,COLLECTION TEAM,WEEKLY,6/20/2025,NO  Open invoices,,,,334
Josie,,BLUMER CONSTRUCTION,Active,Contacted,COLLECTION TEAM,WEEKLY,6/18/2025,"Hi Josie,
Check number 28776 was issued in the amount of $3,251.38 and paid the following invoices
98497, 98595, 98752, & 98908.
The check was mailed last week Thursday to the address in your signature block.

Followed up with Steve on payment update",,,,336
Josie,,"BMV, INC.",Active,Contacted,COLLECTION TEAM,WEEKLY,6/6/2025,Rex went to BK  and paid with check,,,,348
Josie,,BOUDREAU PIPELINE,Active,Contacted,COLLECTION TEAM,WEEKLY,6/26/2025,No Open Invoices,,,,328
Josie,,BOWMAN ASPHALT / AC MATERIALS,Active,Contacted,COLLECTION TEAM,WEEKLY,8/8/2025,Said that a check went out this morning for two invoices 00001957 00001999 Check # 95921,,,,285
Josie,,Bowman Construction LLC,Active,Contacted,COLLECTION TEAM,WEEKLY,10/14/2025,Said she will call me back and pay with a credit card or  put a  check in the mail ,,,,218
Sylvia,,BRADLEY & SONS,Active,Contacted,COLLECTION TEAM,WEEKLY,10/10/2025,"$432.00 Ck-56076 out last week, for those open invoices,",,,,222
Sylvia,,BRIGHTVIEW LANDSCAPE SERVICES,Active,Contacted,COLLECTION TEAM,WEEKLY,9/25/2025,"Jennifer call asking for information on those paid invoices, done email to her payment receipt",,,,237
Josie,,"BRINER & SON, INC.",Active,Contacted,COLLECTION TEAM,WEEKLY,11/18/2025,customer emailed back wanted to know why job states on going went to Billing and was let know it was automatic Called spoke with Kaylen gave me updated email address for ap going to email invoices ,,,,183
Sylvia,,BROADBAND INTEGRATORS,Active,Contacted,COLLECTION TEAM,WEEKLY,8/12/2025,emailed Ofelia again regarding payment update on the June-7 invoice,,,,281
Josie,,"BROWN'S CONSTRUCTION SERVICE, INC.",Active,Contacted,COLLECTION TEAM,WEEKLY,4/30/2025,No Open Invoice JS,,,,385
Sylvia,,Browns Construction,Active,Contacted,COLLECTION TEAM,WEEKLY,,,,,,DATE NEEDED
Josie,,BRSO LLC DBA ROOSTER'S HONKY TONK,Active,Contacted,COLLECTION TEAM,WEEKLY,4/30/2025,No Open Invoice JS,,,,385
Josie,,BSK,Active,Contacted,COLLECTION TEAM,WEEKLY,11/18/2025,Emailed Erika Back asking if she has heard back from her VP regarding  joint check ,problems with union letters,,,183
Josie,,BURTCH CONSTRUCTION,Active,Contacted,COLLECTION TEAM,WEEKLY,5/15/2026,"Said check is ready $4,440.00 94514 put message in slack  Lui to pick up",,,,5
Josie,,C. A. RASMUSSEN INC.,Active,Contacted,COLLECTION TEAM,WEEKLY,4/30/2025,No open Invoice JS,,,,385
Sylvia,Fresno,CAL GOLD CONSTRUCTION CORPORATION,Active,Contacted,COLLECTION TEAM,WEEKLY,4/22/2026,"$650.00 payment out yesterday, per Sherri Account paid in full. (fresno account)",,,,28
Josie,,CAL VALLEY CONSTRUCTION,Active,Contacted,COLLECTION TEAM,WEEKLY,2/17/2026,"Per Lui , reached out to Hammer regarding this account, also the reason for me not to contact this customer ?waiting on Hammer to reply went to Hammer said he never said that ",,,,#REF!
Josie,,CAL VALLEY CONTRACTORS,Active,Contacted,COLLECTION TEAM,WEEKLY,5/28/2025,Julia mailed ck 14086 JS Status report and invoice show differnt dates let her know we have not recevied yet said to contact if we do not recevie by Friday,,,,357
Sylvia,,CALIFORNIA STRIPING,Active,Contacted,COLLECTION TEAM,WEEKLY,8/19/2025,"$565.00 Ck-9321 out Yesterday, per Mark -left message for A/P regarding payment information on July-12 invoice, also sending an email",,,,274
Lui,,CALIFORNIA TRAFFIC CONTROL,Active,Contacted,COLLECTION TEAM,WEEKLY,4/13/2026,sent open balance report. and requested payment info ,,12/4/24,"05.19.2025- Sent an E-mail to CTC Controller- Kelly- awaiting response- CC'd Lui in the e-mail- ASHLEY- Took payment a week or two ago. Had to revise invoices. Got it all fixed last week. Confirming with them to get 61-90, and some other recent invoices paid. Terms are Due upon receipt, have CC on profile, walked in and wanted rumble strips. Didn't hear from them for a while until truck rental popped up, ran CC and that's the last we have. Running CC about every 30 days",37
Josie,,CALMEX ENGINEERING INC,Active,Contacted,COLLECTION TEAM,WEEKLY,7/8/2025,No open Invoices JS,,,,316
Sylvia,,"CAM BUILDING MAINTENANCE, INC.",Active,Contacted,COLLECTION TEAM,WEEKLY,7/2/2025,"(7-2-25) talk to Joseph said yes, charge credit card on file $2,466.72 May-24 invoice and email receipt.  --(6-26-25) emailing Joseph/Chris, see if we could run credit card on file for May-24 invoice, waiting for reply. ---(sylvia 6-13-25) emailed Joseph Balance Report and May-24 invoice  ---left message for A/P regarding May-24 invoice for $2,466.72 waiting for response (sylvia 6-6-25)",,,,322
Sylvia,Fresno,"CAMPUS POINTE ANNEX HOTEL, LLC",Active,Contacted,COLLECTION TEAM,WEEKLY,4/1/2026,made a payment ,,,,49
Sylvia,,CARDINAL TREE SERVICE,Active,Contacted,COLLECTION TEAM,WEEKLY,,,,,,DATE NEEDED
Sylvia,,CARLOS ANDRES CARRILLO GARCIA,Active,Contacted,COLLECTION TEAM,WEEKLY,10/27/2025,"Dont call customer-Carlos, he already paid cash on the same date to Yarely (said girl with Glasses) it shows paid on TCR but not in QB. Logan notified",,,,205
Lui,,Carlos Andres Carrillo Garcia ( CASH ),Active,Contacted,COLLECTION TEAM,WEEKLY,,,,,,DATE NEEDED
Sylvia,,CDM SMITH INC.,Active,Contacted,COLLECTION TEAM,WEEKLY,,,,,,DATE NEEDED
Josie,,CEN-CAL CONSTRUCTION,Active,Paid,COLLECTION TEAM,WEEKLY,,,,,,DATE NEEDED
Sylvia,,"CENTRAL IRRIGATION, INC.",Active,Contacted,COLLECTION TEAM,WEEKLY,,,,,,DATE NEEDED
Josie,,"CENTURY PAVING, INC",Active,Contacted,COLLECTION TEAM,WEEKLY,12/29/2025,Said they are still waiting on payment ,,,,142
Josie,,"CERES ENTERPRISES, INC.",Active,Contacted,COLLECTION TEAM,WEEKLY,,,,,,DATE NEEDED
Sylvia,,CERVANTES LANDSCAPE SERVICES,Active,Contacted,COLLECTION TEAM,WEEKLY,,,,,,DATE NEEDED
Sylvia,,CITY OF FRESNO WATER DIVISION,Active,Contacted,COLLECTION TEAM,WEEKLY,,,,,,DATE NEEDED
Sylvia,,CITY OF FRESNO/PARKS/SPECIAL EVENTS,Active,Contacted,COLLECTION TEAM,WEEKLY,10/13/2025,"David replied said payment in process.   -email Accounting and David, regarding Sept-20 invoice see if received,",,,,219
Sylvia,,CITY OF KERMAN.,Active,Contacted,COLLECTION TEAM,WEEKLY,10/17/2025,"$810.00 Check mail out today per Denise.  -following up on payment with Denise, regarding the Sept-13 invoice.",,,,215
Josie,,CITY OF TEHACHAPI,Active,Contacted,COLLECTION TEAM,WEEKLY,9/30/2025,Grace said yes the payment will go out on the 7th,,,,232
Sylvia,,CJ TORRES CONSTRUCTION INC,Active,Contacted,,WEEKLY,7/8/2025,not in tcr,,,,316
Sylvia,,CLOVIS MADERA EQUIPMENT,Active,Contacted,COLLECTION TEAM,WEEKLY,7/17/2025,"-Tricia replied $3,200.00 check ready for pick up, Hammer is going. -left message for Patricia regarding payment on those May invocies like promised, also sending her an email , waiting for reply",,,,307
Sylvia,,CLOVIS RODEO ASSOCIATION,Active,Contacted,COLLECTION TEAM,WEEKLY,,,,,,DATE NEEDED
Sylvia,,"CM CONSTRUCTION SERVICES, INC.",Active,Contacted,COLLECTION TEAM,WEEKLY,9/11/2025,"$6,750.00 check ready for pick today, per Ana, Visalia team to pick up Brad",,,,251
Josie,,"COLOMBO CONSTRUCTION COMPANY, INC.",Active,Contacted,COLLECTION TEAM,WEEKLY,,,,,,DATE NEEDED
Sylvia,,COLUMN PI4,Active,Contacted,COLLECTION TEAM,WEEKLY,7/8/2025,not in tcr,,,,316
Josie,,"Comet Electric, Inc.",Active,Contacted,COLLECTION TEAM,WEEKLY,,,,,Bryce emailed Lida on 2/12/25 about remaining $3511 retention,DATE NEEDED
Sylvia,,CONCRETE VALUE CORP,Active,Contacted,COLLECTION TEAM,WEEKLY,9/25/2025,$410.00 with Credit Card today per Ulani,,,,237
Sylvia,,"CONTRA COSTA ELECTRIC, INC.",Active,Contacted,COLLECTION TEAM,WEEKLY,,,,,,DATE NEEDED
Sylvia,,COUNTY LINE RESOURCES,Active,Contacted,COLLECTION TEAM,WEEKLY,,,,,,DATE NEEDED
Josie,,CRIMSON RESOURCE MANAGEMENT CORP.,Active,Contacted,COLLECTION TEAM,WEEKLY,,,,,,DATE NEEDED
Josie,,CROWN CONSTRUCTION ENGINEERING,Active,Contacted,COLLECTION TEAM,WEEKLY,,,,,,DATE NEEDED
Sylvia,,"CVE DEMOLITION, INC.",Active,Contacted,COLLECTION TEAM,WEEKLY,,,,10/29/2024,all invoices for Visalia in current status (visalia),DATE NEEDED
Sylvia,,"D.A. WOOD CONSTRUCTION, INC. (CASH)",Active,Contacted,COLLECTION TEAM,WEEKLY,7/7/2025,"(7-7-25)Talk to Aly, say Yes payment this week or next one for the June-7 invoice.  ***paid $1,092.00 on 6-17-25***  (sylvia 6-18-25) talk to Aly, said payment out already, $1,092.00 but for me to email her new Balance for both TCS  & Inc. April-26 invoice still due for TCS.  ---another email and call to A/P Ali regarding the past due invoice April-19 waitting for reply (sylvia 6-6-25)",,,,317
Sylvia,,D.R. HORTON,Active,Contacted,COLLECTION TEAM,WEEKLY,,,,,,DATE NEEDED
Sylvia,,DALE G MELL & ASSOCIATES,Active,Contacted,COLLECTION TEAM,WEEKLY,,,,,,DATE NEEDED
Sylvia,,"DAVIS ENGINEERING CONSTRUCTION, INC.",Active,Contacted,COLLECTION TEAM,WEEKLY,,,,,,DATE NEEDED
Josie,,DBSI,Active,Contacted,LUI,WEEKLY,8/7/2025,Called no answer looked in QB did not find open invoices need to look in signs . was not in signs ,,,,286
Josie,,DEE JASPER & ASSOCIATES INC.,Active,Contacted,COLLECTION TEAM,WEEKLY,7/8/2025,not in tcr,,,,316
Josie,,DERREL'S MINI STORAGE INC.,Active,Contacted,COLLECTION TEAM,WEEKLY,5/1/2025,April 12th Invoice,,,,384
Sylvia,,"DG CONSTRUCTION, INC.",Active,Contacted,COLLECTION TEAM,WEEKLY,11/26/2025,"following up by email again regarding those past due invoices from July, August and Sept, also called left message, waiting for response.",,,,175
Sylvia,,DO IT RIGHT PLUMBING & DRAIN CLEANING LLC,Active,Contacted,COLLECTION TEAM,WEEKLY,,,,,,DATE NEEDED
Lui,,DOTY BROS. EQUIPMENT CO.,Active,Contacted,COLLECTION TEAM,WEEKLY,11/25/2025,per jordan they called about upcoming payment for the wm lyles side,,02-12-25,"Bryce emailed Brenda with an open balance sheet and asking for payment                                                                                                                                                 05.07.2025- Brenda responded to my E-mail, they will have a check ready for us to pick up on Friday, She will ler me know when it is ready, she did confirm it will be for $23,000. -Ashley-",176
Josie,,DTS TELE COM,Active,Contacted,COLLECTION TEAM,WEEKLY,9/3/2025,"talk to Dan, said those invoices need to bill to:LTEC that Dylan knows about it, so emailing Dylan regarding these invoices.",,,,259
Josie,,"EAGLE LAND DEVELOPMENT, INC.",Active,Contacted,COLLECTION TEAM,WEEKLY,,,,,,DATE NEEDED
Josie,,EAST NILES COMMUNITY SERVICES DISTRICT,Active,Contacted,COLLECTION TEAM,WEEKLY,,,,,,DATE NEEDED
Sylvia,,"EFI ENGINEERING, INC.",Active,Contacted,COLLECTION TEAM,WEEKLY,1/29/2025,"following up with Ronald regarding that payment, to see if he has an estimated date on the payment of $20,598.23 (sg)",,2/10/2025,,476
Josie,,El Camino Asphalt,Active,Contacted,COLLECTION TEAM,WEEKLY,,,,,,DATE NEEDED
Sylvia,Sacramento,ELEVEN WESTERN BUILDERS,Active,Contacted,COLLECTION TEAM,WEEKLY,4/27/2026,"$845.00 payment out Friday for the Feb-13 invoice per Nohemi,",,,,23
Josie,,ELITE CONTRACTORS INC,Active,Contacted,COLLECTION TEAM,WEEKLY,2/19/2025,"left message for Tracy, also sending her an email regarding Dec/Jan invoices  Open Balance, cc:gary/Nic/Seth  (sg)  -another email to customer regarding those invoices following up on payment cc:Bryce/Seth/Nic",,03/04/25,"The job is a duplicat. custommer returned equipment on 12/20/24 a credit for invoice. job# 096425. invoice # 097204, 097079, 096949, 096903, 0096572, 096390, 096247, & 096094. nned to be void and (095980, 095854,09565, & 095491 need credit for $1,069.2) (louie)",455
Josie,,"EMERGENCY SANITATION DEPLOYMENT, LLC DBA",Active,Contacted,COLLECTION TEAM,WEEKLY,,,,,,DATE NEEDED
Josie,,ERNESTO SILVA ESCOBAR,Active,Contacted,COLLECTION TEAM,WEEKLY,7/23/2025,"Ernesto left message  I called him back no answer  left him a message 
Called and emailed Ernesto again second time calling him  today no answer and waiting on response from the email I sent  ",,,,301
Sylvia,,"EXCEL ELECTRIC, INC",Active,Contacted,COLLECTION TEAM,WEEKLY,,,,,,DATE NEEDED
Sylvia,,FCON3,Active,Contacted,COLLECTION TEAM,WEEKLY,9/9/2025,"$949.70 check out on today's mail, email Correne confirming payment,",,,,253
Josie,,"FERREIRA, INC.",Active,Contacted,COLLECTION TEAM,WEEKLY,6/27/2025,"I keep calling no answer twice Called again and tried 3 times no answer was able to leave voice mail on admins # also sent email  Called again did not answer could not leave Voice mail its full Josie called also and sent email on 6/6/25 ***lui left a voicemail 6-6-25*** Calling again customer regarding payment information on those Oct/Dec invoices, last month Melinda mentioned that Jennifer and her team was working on getting those paid, nothing till now, left another message also another email, cc:Jose Gil",,,,327
Sylvia,,FIBER TEL,Active,Contacted,COLLECTION TEAM,WEEKLY,7/8/2025,getting with Fresno team on this Acct (sg),,,,316
Sylvia,,FLOYD JOHNSTON CONSTRUCTION,Active,Contacted,COLLECTION TEAM,WEEKLY,,,,,,DATE NEEDED
Josie,,"FRAIJO BROTHERS, INC.",Active,Contacted,COLLECTION TEAM,WEEKLY,,,,,,DATE NEEDED
Sylvia,,"FRESNO ARTS COUNCIL, INC.",Active,Contacted,COLLECTION TEAM,WEEKLY,10/7/2025,"$131.70 Ck-5028 for the August invoice, per Maritza",,,,225
Josie,,FROEHLICH SIGNATURE HOMES,Active,Contacted,COLLECTION TEAM,WEEKLY,7/1/2025,Spoke with Lisa said that she sent out check 2425 on the 27th to the Merle Haggard Drive,,,,323
Sylvia,,"G.L. BRUNO ASSOCIATES, INC.",Active,Contacted,COLLECTION TEAM,WEEKLY,,,,,,DATE NEEDED
Josie,,G.M. ENGINEERING INC.,Active,Contacted,COLLECTION TEAM,WEEKLY,,,,,,DATE NEEDED
Josie,,"GANEM CONSTRUCTION, LLC",Active,Contacted,COLLECTION TEAM,WEEKLY,7/1/2025,"*Could not leave message **left a voice mail 6-6-25*** talk to Dale regarding Jan-25 invoice, said he will be paying that invoice sometime next week, for me to follow up Wed or Thus.  (sg)  -Following up on payment with Dale, however said he still waitting on funds, hope next week,  (sg)",,,,323
Sylvia,,GARLIN FRINK CONSTRUCTION,Active,Contacted,COLLECTION TEAM,WEEKLY,7/24/2025,(lui) customer not answering. sending to collections. ,,,,300
Sylvia,,GARY MCDONALD HOMES,Active,Contacted,COLLECTION TEAM,WEEKLY,,,,,,DATE NEEDED
Josie,,"GCI CONSTRUCTION, INC.",Active,Contacted,COLLECTION TEAM,WEEKLY,,,,,,DATE NEEDED
Josie,,GILL REEVES CO INC,Active,Contacted,COLLECTION TEAM,WEEKLY,,,,,,DATE NEEDED
Sylvia,,GL BRUNO ASSOCIATES INC (CASH),Active,Contacted,COLLECTION TEAM,WEEKLY,,,,,,DATE NEEDED
Josie,,GOLDEN STATE UTILITY CO.,Active,Contacted,COLLECTION TEAM,WEEKLY,,,,,,DATE NEEDED
Sylvia,,Golden Valley Concrete ( CASH ),Active,Contacted,COLLECTION TEAM,WEEKLY,7/8/2025,"no answer from this customer, no email, -no able to collect from this customer getting with Fresno team (sg)",,,,316
Josie,,GOLDSMITH CONSTRUCTION,Active,Contacted,COLLECTION TEAM,WEEKLY,7/1/2025,"This account is not due till July 7th  We Recevied check on Kelly sent out check #100237 for $11,955.64 that paid April  (26) invoice dated 5/30/2025 Does not want calls till they are past due or she will look for a new vender (per josie customer want 45days terms)",,,,323
Sylvia,,GOMEZ ARTHUR III (CASH),Active,Contacted,COLLECTION TEAM,WEEKLY,7/24/2025,(lui) need to write-off not worth sending to collection agency ,,,,300
Josie,,GPHI,Active,Contacted,COLLECTION TEAM,WEEKLY,7/24/2025,(lui) paying invoice in this run,,,,300
Josie,,"GRACYBIRCH CONSTRUCTION, LLC",Active,Contacted,COLLECTION TEAM,WEEKLY,,,,,,DATE NEEDED
Sylvia,,"GRAHAM CONTRACTORS, INC.",Active,Contacted,COLLECTION TEAM,WEEKLY,,,,,,DATE NEEDED
Sylvia,,GRANVILLE HOMES,Active,Contacted,COLLECTION TEAM,WEEKLY,1/23/2026,"$4,196.50 Ck-1317 payment out yesterday per Kristina.",,2/14/2025,Hammer- .check will be ready 2-20-25,117
Josie,,GREENFIELD COUNTY WATER DISTRICT,Active,Contacted,COLLECTION TEAM,WEEKLY,6/6/2025,Called spoke with Jessica said ap was not in today gave me her emailadress emailed May 24 invoice,,901.84 on 7/21/25,,348
Sylvia,,"GROVE GENERAL, INC.",Active,Contacted,COLLECTION TEAM,WEEKLY,,,,,,DATE NEEDED
Josie,Visalia ,"GROVER LANDSCAPE SERVICES, INC.",Active,Contacted,COLLECTION TEAM,WEEKLY,3/18/2026,Called spoke with Ann said that check 40888 went out in yesterdays mail,,,,63
Josie,,"GURDWARA GURU ANGAD DARBAR, INC.",Active,Contacted,COLLECTION TEAM,WEEKLY,,,,,,DATE NEEDED
Josie,,HAITBRINK ASPHALT PAVING INC.,Active,Contacted,COLLECTION TEAM,WEEKLY,,,,,,DATE NEEDED
Josie,,"HAL HAY'S CONSTRUCTION, INC.",Active,Contacted,COLLECTION TEAM,WEEKLY,5/30/2025,Spoke with Biinica said check #44792 went out on 5/28/25,,,,355
Josie,,HAYDON CONSTRUCTION,Active,Contacted,COLLECTION TEAM,WEEKLY,4/14/2026,Called no answer emailed status report asking for payment update ,,,,36
Josie,,HECTORS PLUMBING INC.,Active,Contacted,COLLECTION TEAM,WEEKLY,3/10/2026,promise to pay this week and requested missing invoices ,,,,71
Josie,,HERITAGE BIBLE CHURCH OF BAKERSFIELD,Active,Contacted,COLLECTION TEAM,WEEKLY,,,,,,DATE NEEDED
Josie,,HISTORIC UNION CEMETERY,Active,Contacted,COLLECTION TEAM,WEEKLY,5/29/2025,Griselda said to go and pick up check Lui picked up,,,,356
Sylvia,Fresno / Visalia,HOLLOWAY CONSTRUCTION INC.,Active,Contacted,COLLECTION TEAM,WEEKLY,3/13/2026,left message for A/P or Accounting see if email is accurate and invoices received.,,,,68
Josie,,"HONDA PREFORMANCE DEV., INC.",Active,Contacted,COLLECTION TEAM,WEEKLY,,,,,,DATE NEEDED
Lui,,"HORTA DESIGN AND CONSTRUCTION, INC.",Active,Contacted,COLLECTION TEAM,WEEKLY,7/17/2025,paid,,,,307
Yareli,Fresno ,HP COMMUNICATION SVA (JERRY'S TRENCHING),Active,Contacted,COLLECTION TEAM,WEEKLY,4/1/2026,victoria is working on it,,12/4/24,Jordan to speak with russ ,49
Josie,,"HPS MECHANICAL, INC.",Active,Contacted,COLLECTION TEAM,WEEKLY,12/4/2025,requested update on the account from yareli  3invoices are way past due,,,,167
Josie,,"HUDDLESTON CRANE SERVICE, INC.",Active,Contacted,COLLECTION TEAM,WEEKLY,,,,,,DATE NEEDED
Josie,,"INNOVATIVE ENGINEERING SYSTEMS, INC. DBA",Active,Contacted,COLLECTION TEAM,WEEKLY,,,,,,DATE NEEDED
Josie,O.C.,"INSITUFORM TECHNOLOGIES, LLC",Active,Roadblock,VP/HIGH LEVEL,MONTHLY,3/13/2026,,,09-27-24,Should this be INC? NO.    Danielle in A/P replied back said they has some changes on her department but they are working fast to get everything entered and paid,68
Josie,,INTERSTATE LAND COMPANY,Active,Contacted,COLLECTION TEAM,WEEKLY,,,,,,DATE NEEDED
Josie,,"J. & H. DRILLING CO., INC., DBA MR DRILLI",Active,Contacted,COLLECTION TEAM,WEEKLY,,,,,,DATE NEEDED
Josie,,J&M UNDERGROUND INC.,Active,Contacted,COLLECTION TEAM,WEEKLY,,,,,,DATE NEEDED
Josie,,JACO OIL COMPANY,Active,Contacted,COLLECTION TEAM,WEEKLY,,,,,,DATE NEEDED
Josie,,"JACOBSSON ENGINEERING CONSTRUCTION, INC.",Active,Contacted,COLLECTION TEAM,WEEKLY,8/7/2025,"Victoria said check #19470 went out on the 4th $3,357.25",,,,286
Sylvia,,JJ LEON CONSTRUCTION (CASH),Active,Contacted,COLLECTION TEAM,WEEKLY,,,,,,DATE NEEDED
Josie,,JM PIPELINE CONSTRUCTION INC.,Active,Contacted,COLLECTION TEAM,WEEKLY,9/29/2025,Received invoice ,,,,233
Sylvia,,JOHNSON AIR (CASH),Active,Contacted,COLLECTION TEAM,WEEKLY,,,,,,DATE NEEDED
Josie,,"JON ROWLES CONSTRUCTION, INC.",Active,Contacted,COLLECTION TEAM,WEEKLY,,,,,,DATE NEEDED
Josie,,"JOSEPH CONSTRUCTION AND CONSULTING, INC.",Active,Contacted,COLLECTION TEAM,WEEKLY,12/29/2025,Said she will see what she can do ,,,,142
Sylvia,,JP MARKETING,Active,Contacted,COLLECTION TEAM,WEEKLY,7/3/2025,"(7-3-25)Invoice is a voided invoice, give to Victoria to clear from Q.B.",,,2-2020 invoice,321
Josie,,JP OIL,Active,Contacted,COLLECTION TEAM,WEEKLY,,,,,,DATE NEEDED
Josie,,"JR ASPHALT, INC.",Active,Contacted,COLLECTION TEAM,WEEKLY,5/8/2025,"contact customer waiting on a respond (sg) -another attempt but not able to get a hold of customer Christel on A/P (sg) left another message, Not replying back (sg)",,,,377
Sylvia,,JULIEANN M. LOPEZ-RICKEY,Active,Contacted,COLLECTION TEAM,WEEKLY,,,,,,DATE NEEDED
Josie,,Kali Wheels,Active,Contacted,COLLECTION TEAM,WEEKLY,7/23/2025,paid invoice after reaching for moths ,,,,301
Sylvia,Visalia,"KAWEAH PUMP, INC.",Active,Contacted,COLLECTION TEAM,WEEKLY,2/18/2026,"$5,722.50 Ck-45749 Meranda just confirmed that payment went out yesterday.  -I talked to Meranda; she said the check is printed and waiting for signature, she will send out an email when is ready for pick up. i email her as well asking for copy of check.",,,,91
Josie,,"KAYLOR LANDSCAPE, INC.",Active,Contacted,COLLECTION TEAM,WEEKLY,,,,,,DATE NEEDED
Josie,,KERN ASPHALT,Active,Contacted,COLLECTION TEAM,WEEKLY,7/23/2025,Maria said yes she has three invoices and there turn around time is 30 days,,,,301
Josie,,KERN COUNTY PUBLIC HEALTH DEPARTMENT,Active,Contacted,COLLECTION TEAM,WEEKLY,,,,,,DATE NEEDED
Josie,,KERN COUNTY PUBLIC WORKS DEPARTMENT,Active,Contacted,COLLECTION TEAM,WEEKLY,3/24/2025,No Invoice in TCR to email to customer Bakersfield need to located invoice #00091477 not in TCR management attention,,,,422
Josie,,KERN PACIFIC CONSTRUCTION,Active,Contacted,COLLECTION TEAM,WEEKLY,5/15/2026,Emailed Ashlee the receipt of yesterday charge ,,12-17-24,"(sylvia) left message for Verity regarding Oct-10 and November invoices, also sending her an email cc:Nic/Seth",5
Sylvia,,KPW COMPANY INC (CASH),Active,Contacted,COLLECTION TEAM,WEEKLY,7/8/2025,"emailed customer invoice asking for payment March-12 invoice, waiting for reply (sg)",,,,316
Sylvia,Fresno,"KROEKER, INC.",Active,Contacted,COLLECTION TEAM,WEEKLY,2/2/2026,"$12,570.00 with credit card, offering a 2% discount. paying in full",,3/11/25,(DH) Contacted re: open invoices,107
Josie,O.C /Fresno / Bakersfield,"LANDSCAPE DEVELOPMENT, INC.",Active,Paid,COLLECTION TEAM,WEEKLY,4/15/2026,Chere said that payables went out this week and  SFN did not make it they went through a big layoff so she will try for next week ,,,,35
Josie,,"LANE TAKERS, INC.",Active,Contacted,COLLECTION TEAM,WEEKLY,1/7/2026,No balance paid bill 12/18/25 $1935.00,,,,133
Josie,,"LAWRENCE BACKHOE SERVICE, INC.",Active,Contacted,COLLECTION TEAM,WEEKLY,,,,,,DATE NEEDED
Josie,,"LEFT COAST CONCRETE AND PAVERS, LLC",Active,Contacted,COLLECTION TEAM,WEEKLY,6/5/2025,***lui paid 3600 on 6-5-25***,,,,349
Josie,,LENTZ CONSTRUCTION GENERAL ENGINEERING CO,Active,Contacted,COLLECTION TEAM,WEEKLY,7/24/2025,(lui) need to write-off not worth sending to collection agency ,,,,300
Lui,,LEO TIDWELL EXCAVATING,Active,Contacted,COLLECTION TEAM,WEEKLY,4/20/2026,requested update on payment and sent open balace ,,11/22/24,"Per Kathy - she will be sending out ck#57593, $11261.50 out today 11/22.",30
Josie,,"LIDCO, INC.",Active,Contacted,COLLECTION TEAM,WEEKLY,,,,,,DATE NEEDED
Josie,,LOOP ELECTRIC,Active,Contacted,COLLECTION TEAM,WEEKLY,,,,,,DATE NEEDED
Sylvia,,MADERA COUNTY PUBLIC WORKS,Active,Contacted,COLLECTION TEAM,WEEKLY,7/11/2025,"sent emil to A/P, asking if received June-26 invoices, waiting for reply",,,,313
Sylvia,Fresno,MAG ENGINEERING,Active,Contacted,COLLECTION TEAM,WEEKLY,1/23/2026,"emailed update balance report to Nicole, regarding Dec-13 invoice, see if she has payment information, I know they just paid $10,691 last week.",,,,117
Sylvia,,MALDONADO BROTHERS LANDSCAPE & MAINTENANC,Active,Contacted,COLLECTION TEAM,WEEKLY,,,,,,DATE NEEDED
Josie,,"MARINA LANDSCAPE, INC.",Active,Contacted,COLLECTION TEAM,WEEKLY,5/28/2025,NO open Invoices,,,,357
Josie,,MARK WILSON CONSTRUCTION,Active,Contacted,COLLECTION TEAM,WEEKLY,9/30/2025,In voices is not in QB yet ,,,,232
Josie,,"MARTIN CONSTRUCTION, INC.",Active,Contacted,COLLECTION TEAM,WEEKLY,5/9/2025,emailed March invs waiting on Julie's response 5-9-25 (sg),,,,376
Lui,,MASTEC (BAKERSFIELD),Active,Contacted,COLLECTION TEAM,WEEKLY,4/1/2026,jordan working on it ,,,,49
Lui,,MASTECH (BAKERSFIELD),Active,Contacted,COLLECTION TEAM,DO NOT CALL!,4/1/2026,jordan working on it ,,,,49
Josie,,MCDIVITT SIGNS,Active,Contacted,COLLECTION TEAM,WEEKLY,8/22/2025,"talk to Cherrill, paying $1,850.00 with credit card today",,,,271
Josie,,"MCDIVITT SIGNS, INC.",Active,Contacted,COLLECTION TEAM,WEEKLY,11/3/2025,Said that recevied invoice  00102207,,,,198
Sylvia,Fresno,"MCH ELECTRIC, INC.",Active,Promise to Pay,COLLECTION TEAM,WEEKLY,4/20/2026,"$17,880.00 check ready for pick up by Cynthia, Don to pick up (fresno job)",,,,30
Sylvia,,"MCKUIN PIPELINE, INC.",Active,Contacted,COLLECTION TEAM,WEEKLY,,,,3/11/25,(DH) This invoice has been paid and needs removed from spreadsheet,DATE NEEDED
Josie,,MCLAIN'S BACKHOE RENTAL,Active,Contacted,COLLECTION TEAM,WEEKLY,,,,,,DATE NEEDED
Josie,,MCMURTEY LINCE INC.,Active,Contacted,COLLECTION TEAM,WEEKLY,,,,,,DATE NEEDED
Lui,,"MESA ENERGY SYSTEMS, INC. DBA EMCOR SERVI",Active,Contacted,COLLECTION TEAM,WEEKLY,,,,,,DATE NEEDED
Sylvia,,"MICHELS PACIFIC ENERGY, INC.",Active,Contacted,COLLECTION TEAM,WEEKLY,,,,,,DATE NEEDED
Sylvia,,"MID CAL PIPELINE & UTILITIES, INC.",Active,Contacted,COLLECTION TEAM,WEEKLY,11/18/2025,"talk to Tammy, said to email her my request, it works better for her, so sending an email regarding invoice received",,,,183
Josie,Fresno ,MID VALLEY ROOTER,Active,Contacted,COLLECTION TEAM,WEEKLY,4/21/2026,Called and have emailed no response went to Joe J he called Johnathan said he will call back and pay in 20 min when he gets to his office,,,,29
Sylvia,,MID VALLEY ROOTER (CASH),Active,Contacted,COLLECTION TEAM,WEEKLY,,,,,,DATE NEEDED
Josie,,"MIKE PRLICH & SONS, INC.",Active,Contacted,COLLECTION TEAM,WEEKLY,,,,,,DATE NEEDED
Josie,,"MILLER EQUIPMENT COMPANY, INC.",Active,Contacted,COLLECTION TEAM,WEEKLY,11/10/2025,requested update on open balance. pm is disputing some charges angela is out the office will answer on wednesday,,,,191
Josie,Fresno ,"MK ELECTRIC, LLC",Active,Contacted,COLLECTION TEAM,WEEKLY,4/6/2026,Emailed status report asking if they need copy of invoice waiting on response ,,,,44
Josie,,MODESTO HOUSE ACCOUNT.,Active,Contacted,COLLECTION TEAM,WEEKLY,3/18/2026,Asking for proof of payment it was a sale waiting on response ,,,,63
Sylvia,,"MOORE TWINING ASSOCIATES, INC.",Active,Contacted,COLLECTION TEAM,WEEKLY,12/3/2025,Called and emailed AR email responded she recevied ,,,,168
Sylvia,,MORRIS LEVIN & SON,Active,Contacted,COLLECTION TEAM,WEEKLY,,,,,,DATE NEEDED
Sylvia,Fresno,"MP NEXLEVEL OF CALIFORNIA,INC""",Active,Contacted,COLLECTION TEAM,WEEKLY,6/2/2025,"talked to  Jill regarding the short paid invoice from Oct-12 said is showing paid on her system, she was using a credit that is not longer avaiable. so i talk to Victoria, (sg).",,,,352
Josie,,MPS CONSTRUCTION MANAGEMENT CONSULTING LL,Active,Contacted,COLLECTION TEAM,WEEKLY,2/3/2026,This customer  paid  1/30/26  0 balance,,,,106
,,MR ROOTER PLUMBING (CASH),Active,Contacted,COLLECTION TEAM,WEEKLY,2/24/2026,"Called spoke  with Abraham gave me credit card # to charge $1,157.85",,,,85
Sylvia,Bakersfield,"MUNOZ HOME IMPROVEMENT, INC.",Active,No Communication,BRANCH MANAGER,WEEKLY,4/15/2026,"email Credit Card authorization form to Humberto, also left message to confirm email, waiting for a response.",,,,35
Josie,,NAGLE EARTHWORKS,Active,Contacted,COLLECTION TEAM,WEEKLY,9/12/2025,Emaild her status also  said she will contact me and let me know ,,,,250
Josie,,NATIONAL CHAVEZ CENTER,Active,Contacted,COLLECTION TEAM,WEEKLY,,,,,,DATE NEEDED
Josie,,NEW CENTURY CONSTRUCTION & CONSULTING INC,Active,Contacted,COLLECTION TEAM,WEEKLY,12/18/2025,Does not answer ,,,,153
Josie,,NICHOLAS CONSTRUCTION,Active,Contacted,COLLECTION TEAM,WEEKLY,10/21/2025,Reached out to team in Bakersfield again to see if any one responds I put it on slack ,,,,211
Sylvia,Fresno ,NOR-CAL PIPELINE,Active,Contacted,COLLECTION TEAM,WEEKLY,3/5/2026,"$915.00 Ck-2396 payment out last week per Sanika, account paid in full.",,,,76
Josie,,"NORTHSTAR GENERAL, INC.",Active,Contacted,COLLECTION TEAM,WEEKLY,1/29/2026,"Called and left message again 
Emailed Art to see if he could get in contact with his contact at Northstar ",,,,111
Sylvia,,"OCEAN PACIFIC ENERGY COMPANY, LLC",Active,Contacted,COLLECTION TEAM,WEEKLY,12/22/2025,"talk to Elissa, said payment last week w/ACH for $203.00, talk to Logan yes tosted.",,,,149
Josie,,OILDALE MUTUAL WATER CO.,Active,Contacted,COLLECTION TEAM,WEEKLY,,,,,,DATE NEEDED
Sylvia,,ON POINT GRADING AND PAVING INC,Active,Contacted,COLLECTION TEAM,WEEKLY,,,,,,DATE NEEDED
Josie,,"ORANGE CORROSION SERVICES, INC.",Active,Contacted,COLLECTION TEAM,WEEKLY,7/23/2025,they will pay as soon as invoice hits 6o days borrowing bases,,,,301
Josie,,ORANGE COUNTY (OC) HOUSE ACCOUNT,Active,Contacted,COLLECTION TEAM,WEEKLY,6/5/2025,***lui paid 245 on 6-5-25***,,,,349
Josie,,Outlet whole Sale,Active,Contacted,COLLECTION TEAM,WEEKLY,,,,,,DATE NEEDED
Josie,,OUTSOURCE,Active,Contacted,COLLECTION TEAM,WEEKLY,7/8/2025,not in tcr,,,,316
Sylvia,,PADEN & BLETSCHER CONSTRUCTION INC,Active,Contacted,COLLECTION TEAM,WEEKLY,,,,,,DATE NEEDED
Josie,,PAPICH CONSTRUCTION CO INC.,Active,Contacted,COLLECTION TEAM,WEEKLY,,,,,,DATE NEEDED
Sylvia,,"PARADIGM CONSTRUCTION MANAGEMENT, INC.",Active,Contacted,COLLECTION TEAM,WEEKLY,,,,2/19/25,(DH) Check was sent last week.  Should be received any day.,DATE NEEDED
Sylvia,,PARAGON TREE CARE,Active,Contacted,COLLECTION TEAM,WEEKLY,,,,,,DATE NEEDED
Josie,,PAVLETICH ELECTRIC,Active,Contacted,COLLECTION TEAM,WEEKLY,5/1/2025,April Invoices,,,,384
Josie,,"PCL INDUSTRIAL SERVICES, INC.",Active,Contacted,COLLECTION TEAM,WEEKLY,4/14/2025,Payment should go out 5/9/25 Per Elvia  (JS) 4/14/25,,,,401
Sylvia,,PIPE & PLANT SOLUTIONS INC.,Active,Contacted,COLLECTION TEAM,WEEKLY,6/2/2025,"emailing Alisha regarding March-28 invoice, reqesting payment information waiting for reply, also calling no answer, (sylvia 6-2-25)",,4/2/25,(DH) Reached out again on the 31-60; 61-90,352
Josie,,PISTOL PETE'S PLUMBING,Active,Contacted,COLLECTION TEAM,WEEKLY,,,,,,DATE NEEDED
Sylvia,,PONDEROSA,Active,Contacted,COLLECTION TEAM,WEEKLY,11/19/2025,"calling A/P just to make sure Nov invoces were received, not answer",,,,182
Josie,,"PONDEROSA ELECTRIC, INC.",Active,Contacted,COLLECTION TEAM,WEEKLY,7/18/2025,"Dale said he will be in the office at ten am this morning I will call him then. Dale emailed back said to call him today for payment I responded to his emil 
Dale  Paid with Credit Card  Total balance gave to Victoria to charge 
 credit card went through emailed credit card receipt to Dale ",,05.07.2025,Called and Left a message for Dale on 05.07.2025 and 05.06.205; he has not returned my call. (Ashley),306
Josie,,"PR CONSTRUCTION, INC.",Active,Contacted,COLLECTION TEAM,WEEKLY,10/27/2025,Marha does not anything emailed invoice to Martha I sent worng email last week ,,,,205
Josie,,PRASAYUS CORP. DBA COUNTRYSIDE CONSTRUCTI,Active,Contacted,COLLECTION TEAM,WEEKLY,11/24/2025,"Danish email back, said for me to email her all open invoices her accounting is under a new transittion role. she will let me know ones payment comes through.",,,,177
Sylvia,,"PROFESSIONAL PLUMBER, INC.",Active,Contacted,COLLECTION TEAM,WEEKLY,,,,,,DATE NEEDED
Josie,Sacramento ,"QUEST MEDIA & SUPPLIES, INC",Active,Contacted,COLLECTION TEAM,WEEKLY,4/15/2026,Paid ,,,,35
Sylvia,,"R. H. KIGGINS CONSTRUCTION, INC.",Active,Contacted,COLLECTION TEAM,WEEKLY,12/30/2025,"Gaoger replied, asking if more invoices, email her a credit invoice, ",,,,141
Sylvia,Visalia,RC PACIFIC CONSTRUCTION INC,Active,Contacted,COLLECTION TEAM,WEEKLY,4/7/2026,"talk to Tamara, invoice received, March-21",,1/7/2025,"12/7, 12/14, 12/21,12/28 invoices current (visalia)",43
Sylvia,,RDA CONSTRUCTION (CASH),Active,Contacted,COLLECTION TEAM,WEEKLY,7/22/2025,no communication,,,,302
Josie,,REDDIG EXCAVATION,Active,Contacted,COLLECTION TEAM,WEEKLY,3/11/2026,"Went to Victoria to make sure what is owed is correct Victoria looking over 
Emailed statment  for STS waiting on response TCS Victoria cleared open balance ",,7/23/24,(Seth)talked to ross he is sending to his ap to get payed asap.,70
Sylvia,,RIVAL WELL SERVICES,Active,Contacted,COLLECTION TEAM,WEEKLY,7/24/2025,(lui) custommer finally replied . will get it paid. customer not answering. need to write-off not worth sending to collection agency ,,,,300
Sylvia,,RMC CONSTRUCTORS,Active,Contacted,COLLECTION TEAM,WEEKLY,,,,,,DATE NEEDED
Josie,,ROSAMOND COMUNITY SERVICES DISTRICT,Active,Contacted,COLLECTION TEAM,WEEKLY,,,,,,DATE NEEDED
Sylvia,,ROW CROP LLC,Active,Contacted,COLLECTION TEAM,WEEKLY,6/10/2025,"(sylvia 6-10-25) emailed Shannon open balance & invoice, May-17 invoice _shannon reply ACH payment tomorrow $11,960.00",,,,344
Josie,Fresno ,"RUBIK BUILT, LLC",Active,Contacted,COLLECTION TEAM,WEEKLY,4/1/2026,Kenna said they should be getting funding in a few weeks Said Sherrie is AP said to email her  emailed both invoices ,,,,49
Josie,,RUSSELL PACIFIC LLC,Active,Contacted,COLLECTION TEAM,WEEKLY,,,,,,DATE NEEDED
Josie,,"S & B SONS, INC.",Active,Contacted,COLLECTION TEAM,WEEKLY,6/20/2025,Customer is paying this week for invoices. Check in Monday if we have not seen anything. 04/09/2025 Sent out a reminder email regarding payment. They told us they sent a check out on 04/02/2025 but we have not seen it yet. LU,,10-07-24,,334
Josie,,S.A. CAMP PUMP COMPANY,Active,Contacted,COLLECTION TEAM,WEEKLY,,,,,,DATE NEEDED
Josie,,S.C. ANDERSON INC.,Active,Contacted,COLLECTION TEAM,WEEKLY,,,,,,DATE NEEDED
Sylvia,,S.E.T. SERVICES,Active,Contacted,COLLECTION TEAM,WEEKLY,7/16/2025,"talk to Scott, $108.00 Ck-5589 Payment out last week for the June-7 invoice",,,,308
Josie,,"SAI JASSAR INVESTMENTS, LLC",Active,Contacted,COLLECTION TEAM,WEEKLY,,,,,,DATE NEEDED
Josie,,SAN GABRIEL VALLEY WATER COMPANY,Active,Contacted,COLLECTION TEAM,WEEKLY,,,,,,DATE NEEDED
Josie,,San Joaquin Valley Air Pollution Control,Active,Contacted,COLLECTION TEAM,WEEKLY,,,,,,DATE NEEDED
Josie,,SANDOVAL CONSTRUCTION,Active,Contacted,COLLECTION TEAM,WEEKLY,7/15/2025,Emailed  asking for proof that she paid 00088941,,,,309
Josie,,"SAZAMA CONSTRUCTION, INC.",Active,Contacted,COLLECTION TEAM,WEEKLY,,,,,,DATE NEEDED
Josie,,SBI PARKING LOT & HIGHWAY IMPROVEMENT,Active,Contacted,COLLECTION TEAM,WEEKLY,,,,,,DATE NEEDED
Josie,,SEA POINTE ESTATES HOMEOWNERS ASSOCIATION,Active,Contacted,COLLECTION TEAM,WEEKLY,7/14/2025,Called no answer emailed asking for check # waiting on response recevied email stating she is out of office ,,,,310
Lui,,"SECURITY PAVING COMPANY, INC.",Active,Contacted,COLLECTION TEAM,WEEKLY,4/13/2026,requested update on payment ,,,,37
Sylvia,,SEFNCO COMMUNICATIONS COMCAST,Active,Contacted,COLLECTION TEAM,WEEKLY,10/21/2025,will receive payment in 10 days,,,,211
Sylvia,,SEFNCO COMMUNICATIONS COMCAST (BAKERSFIEL,Active,Contacted,COLLECTION TEAM,WEEKLY,10/21/2025,will receive payment in 10 days,,,,211
Sylvia,,SEFNCO COMMUNICATIONS COMCAST (VISALIA),Active,Contacted,COLLECTION TEAM,WEEKLY,10/21/2025,will receive payment in 10 days,,10/02/24,(visalia per matt this was debriefed on 9/12. We should see payment for this 45 days from then sometime around the last week of October.),211
Josie,,SELMA SIKH PARADE (CC REQUIRED),Active,Contacted,COLLECTION TEAM,WEEKLY,10/31/2025,Said not to call them they are going to give them a bill when done with prade ,,,,201
Josie,,"SHARPLINE SOLUTIONS, INC",Active,Contacted,COLLECTION TEAM,WEEKLY,,,,,(SETH) John promised to have an email to me tonight with updates.,DATE NEEDED
Josie,,"SHOFFEIT PIPELINE, INC.",Active,Contacted,COLLECTION TEAM,WEEKLY,2/12/2026,Emailed asking for update waiting on reply ,,,,97
Sylvia,,SIENNA CONSTRUCTION,Active,Contacted,COLLECTION TEAM,WEEKLY,7/24/2025,(lui) customer not answering. sending to collections. ,,,,300
Josie,,SIERRA RUNNING COMPANY DBA 2 CITIES MARAT,Active,Contacted,COLLECTION TEAM,WEEKLY,11/5/2025,Hammer Said not to call them they are going to pay,,,,196
Josie,,"SNELSON COMPANIES, INC",Active,Contacted,COLLECTION TEAM,WEEKLY,,,,,,DATE NEEDED
Josie,,SO CAL GAS,Active,Contacted,COLLECTION TEAM,WEEKLY,7/25/2025,requested update on past due invoice ,,,,299
Josie,,SOLV ENERGY LLC,Active,Contacted,COLLECTION TEAM,WEEKLY,,,,,,DATE NEEDED
Josie,,"SOUTH VALLEY COMPANIES, INC.",Active,Contacted,COLLECTION TEAM,WEEKLY,7/9/2025,Taylor said that they have the June invoices and does not have a payment date yet said to call back next week ,,,,315
Josie,,SOUTHERN CALIFORNIA EDISON,Active,Contacted,COLLECTION TEAM,WEEKLY,,,,,,DATE NEEDED
Sylvia,,SOUTHERN CALIFORNIA EDISON (CASH),Active,Contacted,COLLECTION TEAM,WEEKLY,7/1/2025,"(7-1-25) calling nunber on file however no answer, was able to leave a message for A/P. ---April 17, 2021 invoice. Q.B said customer paid already on 8-2-2023",,,,323
Josie,,"SPECIALTY CONSTRUCTION, INC.",Active,Contacted,COLLECTION TEAM,WEEKLY,,,,,,DATE NEEDED
Sylvia,,SPROUSE COMMUNICATION INC,Active,Contacted,COLLECTION TEAM,WEEKLY,7/3/2025,"(7-3-25)Invoice showing paid on TCR, talk to Victoria is a short pay invoice for $10.00, Invoice clear now.  ---Feb-2024 invoice, not able to leve messages also not replying to emails (sg)",,,,321
Josie,,STOUT BUILDING CONTRACTORS (CASH),Active,Contacted,COLLECTION TEAM,WEEKLY,6/5/2025,This  Account has been sent to Richard Per Kevin do not contact  9/20/23,,,,349
Josie,,"SUMMIT CAPITAL VENTURES, INC. DBA JOHN BA",Active,Contacted,COLLECTION TEAM,WEEKLY,6/24/2025,Spoke wiht Mary said the three invoice are set to be paid July 1st,,,,330
Josie,,SUPERIOR BARRICADES,Active,Contacted,COLLECTION TEAM,WEEKLY,10/3/2025,Reach out to confirm he received invoices waiting on response ,,,,229
Josie,,SUPERIOR CONSTRUCTION,Active,Contacted,COLLECTION TEAM,WEEKLY,6/20/2025,Called Spoke with Nicole regarding 98901 said to email it and she will respond Nicole said a check should be cut with in 14 days,,,,334
Josie,,"SURFACE SOLUTIONS, LLC",Active,Contacted,COLLECTION TEAM,WEEKLY,2/2/2026,Customer paid balance on 1/30/2026,,,,107
Josie,,SW CONSTRUCTION,Active,Contacted,COLLECTION TEAM,WEEKLY,2/18/2026,Contacted customer to make sure that Elias was still PM waiting on response ,,,,91
Sylvia,,SYNERGY CONSTRUCTION & DEVELOPMENT CORP,Active,Contacted,COLLECTION TEAM,WEEKLY,,,,,,DATE NEEDED
Josie,,"T.E. ROBERTS, INC",Active,Contacted,COLLECTION TEAM,WEEKLY,,,,,,DATE NEEDED
Josie,,TARLTON ESTATE AND ASSET MANAGEMENT,Active,Contacted,COLLECTION TEAM,WEEKLY,3/2/2026,Called Arron to confirm receipt of invoice 00104252,,,,79
Josie,,TEJON INDIAN TRIBE,Active,Contacted,COLLECTION TEAM,WEEKLY,8/4/2025,"Waiting on responce from customer  on payment she said it was to be processed last week 
Clarissa responded to my email said that check 14136 was mailed on 7/31/2025",,,,289
Josie,,TEJON OUTLETS,Active,Contacted,COLLECTION TEAM,WEEKLY,7/8/2025,not in tcr,,,,316
Sylvia,,"TELCON SERVICES, LLC",Active,Contacted,COLLECTION TEAM,WEEKLY,1/15/2026,Reached out to Jeff via email re: the 2 invoices still outstanding,,1/15/26,Followed up with Jeff to see about getting payment.  Waiting on response,125
Josie,,"THE HUB OF BAKERSFIELD, INC.",Active,Contacted,COLLECTION TEAM,WEEKLY,,,,,,DATE NEEDED
Josie,,THE OPEN DOOR NETWORK,Active,Contacted,COLLECTION TEAM,WEEKLY,,,,,,DATE NEEDED
Josie,,THE PLUMBING DOC INC. (CASH),Active,Contacted,COLLECTION TEAM,WEEKLY,,,,,,DATE NEEDED
Josie,,THE SIGN GUYS,Active,Contacted,COLLECTION TEAM,WEEKLY,7/8/2025,not in tcr,,,,316
Josie,,"THOMAS PROPERTY MANAGEMENT, INC.",Active,Contacted,COLLECTION TEAM,WEEKLY,,,,,,DATE NEEDED
Lui,,TIDWELL EXCAVATING,Active,Contacted,COLLECTION TEAM,WEEKLY,,,,,,DATE NEEDED
Sylvia,,"TIGER TEA HOUSE, LLC",Active,Contacted,COLLECTION TEAM,WEEKLY,3/17/2026,"left message for A/P regarding March ivoices,",,,,64
Sylvia,,TOM COREA CONSTUCTION INC.,Active,Contacted,COLLECTION TEAM,WEEKLY,5/2/2025,"talk to Jeremy, said to resent invoice he will talk to his controller and get back to us, 5-2-2025 (sg) Jeremy reply back, said payment next week (sg)",,,,383
Lui,,TONYS PLUMBING SERVICE,Active,Contacted,COLLECTION TEAM,WEEKLY,,,,,,DATE NEEDED
Josie,,"TOSTE CONSTRUCTION, INC.",Active,Contacted,COLLECTION TEAM,WEEKLY,,,,,,DATE NEEDED
Josie,,"TOSTED ASPHALT, INC.",Active,Contacted,COLLECTION TEAM,WEEKLY,,,,,,DATE NEEDED
Josie,,"TOTAL-WESTERN, INC.",Active,Contacted,COLLECTION TEAM,WEEKLY,,,,,,DATE NEEDED
Josie,,TPA CONSTRUCTION,Active,Contacted,COLLECTION TEAM,WEEKLY,9/18/2025,Wanted to know if we were SBE let her know we were not ,,,,244
Sylvia,,"TRI-STATE GENERAL CONTRACTORS, INC.",Active,Contacted,COLLECTION TEAM,WEEKLY,6/10/2025,"Finally, i was able to talk to someone on Accounting, Sheryl said for me to email the Nov-2 invoice to a different email,  cc:Gary/Nic/Seth  (sg)",,,,344
Josie,,"TRICOM NETWORKS, INC.",Active,Contacted,COLLECTION TEAM,WEEKLY,9/30/2025,left message regarding payment or received of August invoices,,,,232
Sylvia,,TRUXELL & VALENTINO LANDSCAPE DEVELOPMENT,Active,Contacted,COLLECTION TEAM,WEEKLY,12/23/2025,"calling A/P dept, no one available, said to call again later today, not able to provide A/P contact name",,,,148
Sylvia,,TTR SUBSTATIONS(CASH ONLY),Active,Contacted,COLLECTION TEAM,WEEKLY,,,,,,DATE NEEDED
Josie,,TUMBLIN COMPANY,Active,Contacted,COLLECTION TEAM,WEEKLY,5/30/2025,This is a April 5th Invoice Emailed invoice Customer paid with CC today,,,,355
Josie,,TURMAN CONSTRUCTION,Active,Contacted,COLLECTION TEAM,WEEKLY,,,,,,DATE NEEDED
Sylvia,,"U.S. TRAFFIC CONTROL WEST, LLC",Active,Contacted,COLLECTION TEAM,WEEKLY,,,,,,DATE NEEDED
Josie,,UNDERGROUND PIPELINE SPECIALTY INC.,Active,Contacted,COLLECTION TEAM,WEEKLY,11/12/2025,"Emailed Andres letting him know that we can take cc over the phone waiting on response Andres emailed said if he and I can go to the BK office and pay with cc ,Emailed stats report waiting on response ",,,,189
Josie,,UNIFIED FIELD SERVICES CORPORATION,Active,Contacted,COLLECTION TEAM,WEEKLY,1/8/2026,"Cynthia call back asking about reinbursement check, told her Yes, out tomorrow Ck-30530 for $973.00",,,,132
Josie,,UNITED RENTALS (BAKERSFIELD) #434,ON HOLD,Contacted,VP/HIGH LEVEL,WEEKLY,3/16/2026,"This was paid last week via ACH they short paid  balance, went to Victoria said she is going to write off $102.63 she spoke with Priya",,,,65
Josie,,UNITED RENTALS (RIDGECREST) #555,Active,Contacted,COLLECTION TEAM,WEEKLY,10/29/2025,portal unitedrentalsap@cognizant.com = invoice inquary urinvoices@cognizant.com = invoices to portal.,,,,203
Josie,,"V. LOPEZ JR. AND SONS G.E.C., INC.",Active,Contacted,COLLECTION TEAM,WEEKLY,,,,01/07/25,spoke w/nadia she advised Jennifer is not in. she will forward information over to her and have her call me tomorrow when she gets in. I advised i will try again tomorrow to reach her. (visalia),DATE NEEDED
Sylvia,,VALLEY EXCAVATION,Active,Contacted,COLLECTION TEAM,WEEKLY,12/29/2025,"called again A/P no available,",,,,142
Sylvia,,"VALLEY PACIFIC PETROLEUM SERVICES, INC.",Active,Contacted,COLLECTION TEAM,WEEKLY,,,,,,DATE NEEDED
Josie,,"VALLEY WIDE ENGINEERING & CONSTRUCTION, I",Active,Contacted,COLLECTION TEAM,WEEKLY,,,,,,DATE NEEDED
Josie,,"VIDO SAMARZICH, INC.",Active,Contacted,COLLECTION TEAM,WEEKLY,6/5/2025,***lui paid 4900 on 6-5-25***,,,,349
Sylvia,,VISALIA BRANCH SALES,Active,Contacted,COLLECTION TEAM,WEEKLY,7/24/2025,(lui) asked brad to look into it. ,,,,300
Sylvia,,VSS INTERNATIONAL,Active,Contacted,COLLECTION TEAM,WEEKLY,11/13/2025,(lui) per dylan . customer received 15k reduction should pay invoices soon.,,,,188
Sylvia,,VULCAN MATERIALS,Active,Contacted,COLLECTION TEAM,WEEKLY,9/9/2025,left message for Allyson regarding August invoices,,,,253
Lui,,W.A. RASIC CONSTRUCTION,Active,Contacted,COLLECTION TEAM,WEEKLY,4/1/2026,bryce working on it,,,,49
Josie,,WALLACE & SMITH GENERAL CONTRACTORS,Active,Contacted,COLLECTION TEAM,WEEKLY,4/1/2026,made a payment,,,,49
Josie,,WALLACE & SMITH GENERAL CONTRACTORS ,Active,Contacted,COLLECTION TEAM,WEEKLY,4/1/2026,made a payment,,,,49
Sylvia,,"WALSH MONTGOMERY CONSTRUCTION, INC.",Active,Contacted,COLLECTION TEAM,WEEKLY,8/21/2025,"calling accounting no answer, no able to live message caling again tomorrow",,,,272
Josie,,WATER ASSOCIATES,Active,Contacted,COLLECTION TEAM,WEEKLY,8/7/2025,Called regarding invoices ending in 167 it also shows he has funds sitting on account need to ask Victoria,,,,286
Sylvia,,WATHEN CASTANOS DBA WCP DEVELOPERS,Active,Contacted,COLLECTION TEAM,WEEKLY,,,,,,DATE NEEDED
Sylvia,Fresno,WEST COST FOOTBALL,Active,Contacted,COLLECTION TEAM,WEEKLY,11/19/2025,"$850.00 payment tomorrow by check per Anthony, also update all contact information for future invoices.  -talk to Tracy, said he will have accounting reach out to me, nunber on file belongs to a Project Mgr, not accounting or A/P said he will have them call me back",,,,182
Lui,,WEST VALLEY CONSTRUCTION,Active,Contacted,COLLECTION TEAM,DO NOT CALL!,7/17/2025,do not contact legal action,,,,307
Lui,,WEST VALLEY CONSTRUCTION (PG&E),Active,Contacted,COLLECTION TEAM,WEEKLY,7/2/2025,do not contact,,,,322
Sylvia,,"WESTECH SYSTEMS, INC.",Active,Contacted,COLLECTION TEAM,WEEKLY,7/16/2025,"Marinette replied, payment out yesterday, $395.00 Ck-62052 for June invoices",,,,308
Josie,,WESTROCK LLC DBA WESTROCK GENERAL ENGINEE,Active,Contacted,COLLECTION TEAM,WEEKLY,10/14/2025,Sarah emailed said it will be paid in a few weeks Garrett said to email invoice to ap going foward emailed invoices ,,,,218
Josie,,"WGJ ENTERPRISES, INC (PCI)",Active,Contacted,COLLECTION TEAM,WEEKLY,9/29/2025,Call to confirm invoice no answer emailed invoice ,,,,233
Sylvia,,"WILLOW AVENUE NORTH, L.P.",Active,Contacted,COLLECTION TEAM,WEEKLY,6/10/2025,"$3,227.64 Ck-21201 in the mail today per Susan.(sylviag 6-10-25)  --Susan reply back, said She will check with foreman on the Job, is they approve we may get that payment sooner by next week (6-6-25 sylvia)",,,,344
Sylvia,Fresno,WILSON HOMES INC,,Contacted,COLLECTION TEAM,WEEKLY,3/17/2026,"email Accounting balance report, asking if Feb-28 invoice received and payment information (fresno account)",,,,64
Lui,,WIRING CONNECTIONS INC.,Active,Contacted,COLLECTION TEAM,WEEKLY,4/16/2026,0 bal,,,,34
Sylvia,Modesto,"Womack Striping, Inc.",Active,Promise to Pay,COLLECTION TEAM,WEEKLY,5/1/2026,"Invoices received, hope payment in 2weeks, per Marline",,,,19
Sylvia,,"WOMACK STRIPING, INC. (CASH)",Active,Contacted,COLLECTION TEAM,WEEKLY,,,,,,DATE NEEDED
Josie,,WONDERFUL COLLEGE PREP ACADEMY,Active,Contacted,COLLECTION TEAM,WEEKLY,,,,,,DATE NEEDED
Josie,,WONDERFUL REAL ESTATE DEVELOPMENT,Active,Contacted,COLLECTION TEAM,WEEKLY,,,,,,DATE NEEDED
Sylvia,,WOODSIDE HOMES.,Active,Contacted,COLLECTION TEAM,WEEKLY,,,,,,DATE NEEDED
Josie,,"WOOLWORTH'S, LLC",Active,Contacted,COLLECTION TEAM,WEEKLY,10/28/2025,Called to confirm she recevied invoice Michelle said she will give Emily the message to confirm she recevied invoice ,,,,204
Josie,,WORLD OIL CORP.,Active,Contacted,COLLECTION TEAM,WEEKLY,8/1/2025,$455.00 Dave email payment information with C.C. today,,,,292
Josie,,"XTREME PLUMBING SERVICES, INC.",Active,Contacted,COLLECTION TEAM,WEEKLY,7/18/2025,"Called Kim regarding credit card  numbers to confirm they were correct no answer left message waiting for response 
Called again and spoke with Kim she confirmed credit card # we had one wrong # Gave back to Victoria to charge 
credit card went through emailed credit card receipt to Kim ",,,,306
Sylvia,,"YARBS GRADING AND PAVING, INC.",Active,Contacted,COLLECTION TEAM,WEEKLY,11/6/2025,jordan working on it ,,,,195
Sylvia,,,Active,Contacted,COLLECTION TEAM,WEEKLY,,,,,,
Sylvia,,,Active,Contacted,COLLECTION TEAM,WEEKLY,,,,,,